Cluster_ID,RMSD,maxRMSDT,Group
3vdm,1.98,2.32,MM
1d5n,1.25,0.83,MM
3x2r,1.57,1.9,MM
1wkv,0.36,0.64,MM
1xes,0.92,1.81,TD
4iq1,1.49,1.21,MM
3fkc,0.8,0.71,MM
3nsk,0.81,0.82,MM
3wgw,1.55,1.21,MM
3bq4,1.1,1.09,MM
3m5d,0.89,0.68,MM
1iig,1.21,2.18,TD
2zp7,1.13,1.27,MM
2j51,0.38,0.33,MM
4mhr,0.76,0.8,MM
4lls,0.17,0.59,MM
4jaf,1.59,1.35,MM
1jr7,0.31,0.22,MM
2op8,0.15,0.53,MM
1kmn,0.77,1.57,TD
3txx,1.26,2.05,TD
3d5k,0.73,0.45,MM
4k2e,1.43,1.22,MM
1j72,0.83,0.81,MM
1h7k,0.58,0.45,MM
1j0j,0.85,1,MM
4njo,4.5,0.54,RB
3mkm,0.82,1.5,TD
2pey,0.46,0.78,MM
1nfs,0.4,0.6,MM
4gae,0.48,0.51,MM
2v82,0.95,0.41,RB
3fpw,0.34,0.32,MM
1ot3,1.32,1.59,MM
3nl5,1.6,1.9,MM
1jfl,1.83,1.83,MM
3hfx,1.19,1.14,MM
1lo7,1.28,1.12,MM
2gjn,0.18,0.17,MM
3efq,0.94,0.81,MM
4mmn,1.11,1.01,MM
3cdy,0.73,0.79,MM
2j58,0.41,0.35,MM
1hjp,0.72,0.72,MM
2y53,0.32,0.99,TD
1mp2,0.57,0.57,MM
3kwc,1.41,0.43,RB
1jhv,0.93,0.68,MM
2bj1,1.84,2.18,MM
2cfu,0.5,0.48,MM
2h0q,0.99,1.11,MM
3ibh,0.41,0.44,MM
1znn,0.8,1.35,TD
4kxw,0.39,0.37,MM
4lh8,0.72,0.83,MM
3tic,0.14,0.13,MM
1z84,0.78,0.85,MM
3n8k,0.75,1.47,TD
3qp2,0.2,0.19,MM
2zhp,0.73,0.76,MM
4gxg,3.21,0.95,RB
1jnb,1.63,1.57,MM
5cev,2.54,1.59,RB
1jc4,0.63,0.69,MM
3wqq,2.06,2.19,MM
1gl7,0.78,1.41,TD
3zvb,0.33,0.33,MM
4izb,0.46,0.54,MM
2d2r,0.38,0.76,MM
1yhl,1.2,0.91,MM
2evx,0.58,0.63,MM
3kxk,0.43,1.35,TD
1l8x,0.3,1.22,TD
3iqf,0.36,0.56,MM
1bjg,1.53,1.6,MM
4lnl,0.55,0.45,MM
3ke5,0.37,0.81,MM
3eya,0.73,1.27,TD
1ww7,0.74,1.47,TD
1k0w,0.16,0.28,MM
2p6s,0.52,1.19,TD
3uwq,0.7,1.73,TD
3p9t,0.63,0.84,MM
2ppg,0.64,1.05,MM
4oqp,2.81,1.18,RB
4ex9,0.62,0.58,MM
1a0s,0.23,0.19,MM
1xpm,0.59,0.48,MM
2fkz,0.43,0.33,MM
1fx8,0.36,0.22,MM
3uy4,0.21,0.17,MM
1q3n,1.15,1.18,MM
4ojy,0.28,0.32,MM
1ous,0.63,0.55,MM
1ft0,0.3,0.72,MM
4whx,0.5,0.6,MM
4fxi,5.72,1.27,RB
2yjk,0.25,0.74,MM
4h6a,1.12,1.45,MM
3vos,0.65,0.52,MM
2wrf,1.97,2.19,MM
4h5m,4.86,2.18,RB
2vci,1.95,0.85,RB
3vcp,0.36,0.27,MM
1bpw,0.43,0.32,MM
4c5j,0.72,0.79,MM
3v17,1.34,1.28,MM
2rht,1.01,0.82,MM
1e7d,2.69,2.2,MM
3qze,0.46,0.48,MM
4ip5,0.2,0.3,MM
2jao,0.3,0.25,MM
3wjx,1.43,1.85,MM
4ju9,0.7,0.54,MM
4ii7,2.62,1.61,RB
2vws,0.47,0.75,MM
4jeo,0.4,0.43,MM
2ybq,0.49,0.49,MM
4p4u,1,0.7,MM
1uer,0.59,1.16,TD
3w6n,0.78,1.49,TD
1w62,1.85,2.21,MM
3oj5,0.49,1.08,TD
3asu,0.67,0.52,MM
3f5m,0.81,0.97,MM
1i81,1.22,1.59,MM
4ojm,0.21,0.21,MM
3gfh,0.92,0.81,MM
4dgt,0.3,0.28,MM
4k1j,0.84,0.77,MM
4bn7,0.43,0.41,MM
3c3i,0.57,0.68,MM
3hwx,0.54,0.39,MM
4mb0,0.37,1.3,TD
1g5g,0.92,0.95,MM
3zoh,0.28,0.54,MM
4m2i,0.77,1.84,TD
2bwg,0.69,0.53,MM
4e4g,0.31,0.67,MM
1gkq,0.96,0.52,MM
4h6c,0.33,0.6,MM
1m83,4.38,2.28,RB
4kwa,0.74,0.73,MM
2qq3,0.78,0.78,MM
3hsr,2.95,1.89,RB
1h2n,1.05,1.47,MM
3h76,0.45,0.56,MM
1b62,0.78,0.56,MM
3ulc,5.09,0.86,RB
3m71,2.7,1.88,RB
1qaf,0.52,1.51,TD
4lr3,0.49,0.71,MM
4jzx,1.65,1.85,MM
4d9t,0.75,0.58,MM
2pnc,0.51,0.57,MM
4cxt,0.45,0.44,MM
3ek2,0.47,0.99,TD
3eo3,2.54,2.27,MM
4dxp,1.08,0.67,MM
3to7,0.3,0.26,MM
3kdy,0.46,0.53,MM
2je9,1.36,1.11,MM
3iir,0.94,0.76,MM
3hhq,0.51,1.51,TD
1seh,0.64,0.6,MM
2qqq,0.3,0.72,MM
3scz,0.98,1.06,MM
1j4u,0.75,0.66,MM
4iy4,0.56,0.5,MM
3e6s,0.78,0.52,MM
4wsg,1.15,1.73,TD
1xng,0.6,0.57,MM
4i71,1.45,1.46,MM
3e84,0.38,0.35,MM
3u8m,1.49,2.06,TD
1z35,1.74,1.83,MM
4iu5,0.58,0.53,MM
1i29,0.42,0.37,MM
1fhx,1.21,1.36,MM
3o8h,2.29,1.16,RB
2jkz,1.68,0.73,RB
4m8j,0.37,0.36,MM
2gqr,0.6,0.6,MM
4xfj,0.42,0.61,MM
3fpd,0.57,1.01,MM
3fa3,0.89,1.48,TD
4adt,0.76,0.68,MM
1az3,1.52,1.59,MM
3zbg,0.29,0.28,MM
4pzu,0.65,0.57,MM
3bpv,3.27,1.86,RB
2huz,0.87,0.97,MM
4jdp,1.13,1.11,MM
4oa8,0.48,0.45,MM
1o9q,0.7,0.46,MM
3g5g,0.52,0.8,MM
2yzl,0.47,0.46,MM
1t25,1.01,1.95,TD
3ocv,0.46,0.4,MM
2j5g,0.16,0.37,MM
4c06,1.14,0.77,MM
1sd6,0.98,1.68,TD
1tsm,1.67,1.66,MM
3sbo,1.28,2.27,TD
4u8e,0.55,0.37,MM
4r2x,0.55,1.52,TD
1z5a,0.26,0.55,MM
2jfw,0.52,0.4,MM
3ujf,0.79,0.97,MM
3kia,1.44,1.64,MM
2q6o,0.44,0.5,MM
3ojo,1.76,1.94,MM
1sry,0.73,1.92,TD
4gll,1.94,0.8,RB
2oa1,0.41,0.39,MM
4m36,0.23,0.22,MM
3vbp,0.3,0.4,MM
3dla,0.84,1.73,TD
2ad5,0.85,0.68,MM
1kq7,0.48,0.45,MM
2we7,0.29,1.25,TD
1ltd,0.92,0.91,MM
4cz5,0.85,1.04,MM
3uk7,0.53,0.5,MM
1yqx,0.31,0.34,MM
2ekq,0.34,0.35,MM
3lxz,0.23,0.41,MM
2ot1,1.28,1.19,MM
3jpu,1.01,1.07,MM
1kxg,0.59,0.9,MM
2e0c,0.52,0.59,MM
1ycl,0.35,0.33,MM
1nsy,1.16,1.7,TD
4i4z,1.01,0.98,MM
4msw,1.64,0.24,RB
4gd9,0.59,1.28,TD
1fmc,1.1,1.31,MM
2cjb,0.89,0.71,MM
1svm,2.91,1.56,RB
3l31,1.37,1.2,MM
1pn4,0.92,1.53,TD
3ex9,0.67,0.62,MM
3bsd,0.76,0.49,MM
2ag8,0.16,0.14,MM
2jcd,2.08,1.44,RB
1gs5,3.05,2.54,RB
4c80,0.19,0.14,MM
4n4k,0.32,0.29,MM
3itd,0.75,0.84,MM
4iws,1.49,1.7,MM
1aq6,0.48,0.51,MM
4n4q,0.47,0.88,MM
1xjk,1.26,1.19,MM
1ii7,1.32,1.12,MM
1jn1,6.16,1.86,RB
4gmf,0.87,1.25,MM
1mfi,1.34,0.45,RB
4hxg,0.68,1.88,TD
4hn0,0.47,0.66,MM
4fdv,0.17,0.12,MM
4mk4,1.13,1.18,MM
3ucb,2.15,1.53,RB
1jxz,0.13,0.82,TD
4qn5,0.75,0.6,MM
4f0s,0.69,0.68,MM
1peu,0.48,0.42,MM
1yxd,0.34,0.28,MM
1oi6,0.53,0.49,MM
1zxm,2.9,1.57,RB
1sbf,0.58,0.55,MM
1i6o,0.85,0.77,MM
4d6r,0.34,0.27,MM
3fxg,0.36,0.37,MM
3m0x,0.56,0.7,MM
1twz,2.59,2.18,MM
3bvi,0.27,0.4,MM
3lq7,0.94,0.81,MM
3o74,0.72,0.72,MM
2f3m,0.65,0.44,MM
1l0w,1.65,1.54,MM
2ff2,1.56,1.9,MM
2p7o,1.62,0.63,RB
4b7x,1.46,1.6,MM
1cjd,0.4,0.74,MM
2fe3,2.14,0.59,RB
3c1m,3.16,1.66,RB
4eso,0.47,0.84,MM
3d53,0.5,0.6,MM
2plq,0.29,0.2,MM
3um6,1.06,1.14,MM
4lcr,0.26,0.15,MM
4u0f,0.98,0.59,MM
4oit,3.11,1.96,RB
4r7j,1.3,1.8,MM
4gyr,0.39,0.34,MM
2c3t,0.56,0.62,MM
4h2g,0.46,0.41,MM
3a6s,1.06,0.81,MM
2e8f,0.45,0.41,MM
2yrr,0.18,0.35,MM
2qvj,1.19,1.43,MM
1n0h,1.25,1.12,MM
1xz3,3.05,2.31,RB
4ly6,0.6,2.09,TD
2aw3,1.08,1.04,MM
4heb,0.62,0.69,MM
1wmb,1.77,1.78,MM
4hmr,0.44,0.56,MM
2wcs,0.87,0.53,MM
3mgu,1.05,0.78,MM
4aub,0.5,1.93,TD
4biu,1.38,1.4,MM
4c8h,2.87,1.38,RB
2d3b,0.16,0.15,MM
1gy9,0.35,0.34,MM
4o7w,0.58,0.52,MM
3piu,1.78,2.01,MM
3rj9,0.77,0.93,MM
1uec,0.51,0.51,MM
2yg3,0.21,0.26,MM
3tbc,0.37,0.42,MM
2wks,1.1,1.02,MM
4brn,2.2,2.13,MM
3fs8,0.27,0.27,MM
1f61,0.72,0.79,MM
3glc,0.99,1.94,TD
4m9d,2.05,1.97,MM
3czo,0.59,0.58,MM
1pwy,1.67,1.58,MM
1mum,0.9,1.13,MM
1kah,0.57,0.89,MM
1z0u,0.76,0.57,MM
4x1z,0.91,1.19,MM
3g6z,0.95,0.77,MM
3n9r,1.02,1.56,TD
4jh1,0.42,0.52,MM
1r16,1.04,0.89,MM
2obr,1.45,1.35,MM
4fmg,0.84,2.31,TD
3gh8,0.98,0.88,MM
2vbe,0.15,0.15,MM
1sox,0.69,0.64,MM
2z9d,0.79,0.76,MM
3bi0,2.99,1.85,RB
2z09,0.28,0.22,MM
1zb8,0.25,0.35,MM
2bei,0.48,0.5,MM
3s4c,1.73,1.32,MM
1dzq,0.28,0.26,MM
2v4m,0.64,0.51,MM
4nfl,1.09,0.66,MM
3lg2,1.15,0.93,MM
3dws,0.93,1.01,MM
1n9s,0.62,0.88,MM
1ej2,2.02,1.18,RB
1uxj,0.88,0.71,MM
3cns,1.14,1.62,MM
2gxu,0.85,0.71,MM
4f03,0.48,0.63,MM
4ojd,0.47,0.45,MM
2vd9,0.32,0.31,MM
2w2l,0.73,1.57,TD
1l7d,0.95,1.29,MM
1ibs,0.63,0.62,MM
2ete,0.45,0.33,MM
1g3k,0.25,0.61,MM
2c1q,0.37,0.3,MM
3hi7,0.45,0.43,MM
4ruf,1.65,1.08,RB
2vo4,0.84,1.34,TD
4nk4,0.65,0.88,MM
2ayq,1.05,1.01,MM
3u57,1.45,1.98,TD
1c1l,0.22,0.16,MM
1j4a,2.38,1.04,RB
2ofd,0.25,0.27,MM
4phc,2.61,0.9,RB
3xin,0.28,0.36,MM
1jlx,0.21,0.37,MM
4onv,0.29,0.25,MM
1xqf,2.32,2.11,MM
4xiw,0.76,1.77,TD
1q50,0.47,0.45,MM
4qs6,0.4,0.49,MM
2vs0,0.74,0.85,MM
3uf9,1.07,1.18,MM
3sdw,0.37,0.3,MM
3fgw,0.81,0.35,MM
3giy,0.85,0.78,MM
1pvn,1.31,1.57,MM
3jul,1.67,0.97,RB
1q5y,2.51,1.71,RB
3jsa,1.14,0.45,RB
2x3c,1.61,1.38,MM
4pu9,1.78,1.41,MM
1g1i,0.19,0.66,MM
3zzm,1.41,1.58,MM
2ox3,2.16,1.14,RB
2gu9,1.48,1.23,MM
2q41,0.47,0.83,MM
3r5d,1.27,1.99,TD
3mpi,0.5,0.45,MM
1xrh,0.67,0.93,MM
3r9s,0.78,1.1,MM
4glf,0.8,0.87,MM
4umj,1.41,1.9,MM
2r3b,0.49,0.56,MM
2hpm,0.35,0.33,MM
2rb9,0.32,1.46,TD
2fni,0.4,0.37,MM
3c4b,0.94,0.9,MM
1b8f,2.2,0.75,RB
3ddw,3.02,1.35,RB
1vg3,1.01,0.79,MM
3twb,0.62,0.67,MM
3tgw,0.99,1.48,MM
1de0,2.1,1.52,RB
2brj,1.09,0.64,MM
3p66,0.35,0.26,MM
4knf,1.06,1.7,TD
4am4,0.13,0.11,MM
3srt,0.47,0.53,MM
2ohh,0.82,0.81,MM
1itu,0.37,0.3,MM
3kr5,1.07,2.27,TD
3dfh,1.18,0.88,MM
1j5p,0.3,0.3,MM
1gu9,0.61,0.85,MM
1q6u,1.77,1.53,MM
2dbv,1.74,0.98,RB
4jc7,2.23,1.23,RB
1t8w,0.77,1.16,MM
3hbl,2.91,2.19,RB
4pfn,0.31,0.33,MM
3h6g,1.48,1.92,MM
1n93,0.16,0.15,MM
4ibp,1.04,1.33,MM
3hnd,1.5,1.64,MM
3ct7,0.13,0.14,MM
1s7h,0.65,0.61,MM
2vs3,0.65,0.41,MM
3rhg,0.13,0.13,MM
2xsv,0.18,0.15,MM
2zdc,0.3,0.27,MM
2w8n,0.73,0.73,MM
1w20,0.49,0.33,MM
1bt4,0.63,0.65,MM
4cy9,0.5,0.46,MM
4ri6,0.51,0.43,MM
3s6y,0.65,0.69,MM
3gvl,0.67,1.05,MM
3fz7,1.33,1.18,MM
2x63,0.8,1.09,MM
1nfv,0.48,0.44,MM
1jt5,0.41,0.33,MM
3b1c,0.25,0.4,MM
4x7u,1.06,0.65,MM
3eq2,7.06,1.5,RB
1oqb,0.73,0.65,MM
3ayf,0.07,0.06,MM
2zpx,1.54,1.62,MM
3uyl,0.36,0.6,MM
3td4,1.46,0.86,RB
2yda,0.56,0.51,MM
4cg8,3.43,1.86,RB
1ev9,0.4,1,TD
2icr,0.2,0.38,MM
4i9n,0.75,1.96,TD
3fsr,0.58,0.88,MM
3laa,0.26,0.19,MM
1ujq,0.2,0.67,MM
2x2t,0.63,0.98,MM
3q5w,0.8,0.82,MM
3ge9,0.64,0.54,MM
3g0i,0.47,0.42,MM
1ord,0.92,0.77,MM
2nwb,0.79,0.75,MM
1kvk,0.88,0.85,MM
4e5y,1.83,1.84,MM
1jec,1.25,1.3,MM
2zhy,0.44,0.58,MM
4m1f,0.34,0.33,MM
1ai2,3.46,1.21,RB
2gn0,1.47,0.55,RB
4r68,1.17,1.68,TD
1lw4,0.32,0.81,MM
2eit,0.5,0.47,MM
3l84,0.21,0.18,MM
4ppd,1.74,1.96,MM
3lhd,0.71,0.66,MM
3bwc,0.54,0.62,MM
1jfa,1.49,1.49,MM
1wd6,0.3,0.39,MM
4nye,0.53,0.62,MM
3uie,0.62,0.97,MM
3ne1,1.51,1.51,MM
3ez3,1.8,2.19,MM
4n2y,1.13,1.27,MM
3aqa,0.73,2.19,TD
3tts,0.33,0.31,MM
3swd,1.07,0.68,MM
3frq,1.35,1.28,MM
4p3p,2.01,2.05,MM
1jqa,0.98,0.89,MM
1gjp,0.88,0.93,MM
1bz8,2.21,2.29,MM
3vni,0.47,0.36,MM
1d6o,0.74,0.77,MM
1ods,0.37,0.19,MM
1ae3,2.35,1.72,RB
3tl6,0.61,1.13,TD
3ict,0.63,0.62,MM
1rr2,0.53,0.39,MM
2xgt,1.16,1.28,MM
2nyd,0.75,0.65,MM
4mc9,2.05,2.3,MM
2yfo,0.09,0.07,MM
1k97,1.33,1.24,MM
3aez,3.27,1.97,RB
2oqx,3.37,1.79,RB
3nyu,0.75,0.68,MM
1f06,2.48,1.46,RB
1ko5,1.81,1.6,MM
2g7m,1.8,1.37,MM
3wr8,0.92,1.19,MM
1iv3,0.48,0.59,MM
4igj,0.47,1.16,TD
1sq5,2.01,2.1,MM
1so5,1.27,1.16,MM
3qhx,0.33,0.43,MM
2bt7,0.63,0.61,MM
1e3p,1.11,0.97,MM
4he0,2.51,1.86,RB
1xbt,0.28,0.39,MM
4kjg,0.59,0.22,MM
1ps6,1.25,1.54,MM
3g6b,0.31,0.32,MM
3w2t,1.43,1.91,MM
4llh,1.76,1.95,MM
1wy5,2.11,2.03,MM
4f3j,0.61,0.82,MM
1h9k,1.32,0.91,MM
3el0,0.8,0.85,MM
1y9a,0.44,0.49,MM
3kii,2.42,0.67,RB
1w2h,0.83,1.84,TD
2h2a,0.76,0.81,MM
3ust,1.79,1.78,MM
3rnz,0.48,0.51,MM
3rr2,1.44,0.75,RB
1jzr,0.79,1.93,TD
3g17,2.29,1.73,RB
2bgl,1.15,1.14,MM
3sgz,1.72,0.71,RB
4ht7,0.87,0.61,MM
4evb,2.26,0.62,RB
2aeu,0.23,0.23,MM
4dz6,0.41,0.44,MM
2osd,0.69,0.57,MM
4pqa,1.67,1.48,MM
3k39,0.37,0.34,MM
1z7y,0.37,0.37,MM
3lmd,0.7,0.67,MM
3cou,0.22,0.21,MM
4gel,1.45,1.43,MM
2cz8,0.59,0.77,MM
2rkf,0.24,0.23,MM
2guu,0.48,0.35,MM
4q86,0.82,0.7,MM
3lye,0.39,0.33,MM
1k1y,0.37,1.28,TD
2vjk,1.03,1.25,MM
1b74,0.37,0.35,MM
2pxw,0.3,0.42,MM
1n3l,1.89,1.29,RB
2ji5,1.88,1.23,RB
3vpn,0.24,0.32,MM
3cl5,0.14,0.14,MM
2it3,1.35,1.09,MM
2x8h,0.83,0.87,MM
4fiq,0.97,1.28,MM
4plg,0.36,0.48,MM
1iz1,1.93,1.63,MM
1djc,1,1,MM
3r74,2.45,0.38,RB
4a59,6.12,1.54,RB
4mp3,0.9,0.63,MM
1vhz,0.37,0.37,MM
3dh9,0.42,0.46,MM
3zrw,3.65,2.07,RB
2vhv,4.63,2.19,RB
3th0,1.62,1.11,RB
1v3w,0.32,0.29,MM
1ozv,0.96,1.75,TD
1wx1,0.5,0.49,MM
1qjc,0.4,1.02,TD
1uhv,0.47,0.42,MM
2yz7,1.44,1.67,MM
3ggp,0.86,1.54,TD
5gst,0.92,0.82,MM
1mvl,0.87,0.76,MM
2hu4,0.6,0.61,MM
1uou,2.26,0.82,RB
1ryy,0.41,0.4,MM
2rde,1.06,1.28,MM
3vdg,0.31,0.28,MM
2qjj,0.26,0.24,MM
1gsh,0.38,0.29,MM
2hk0,0.45,0.57,MM
2chh,0.11,0.07,MM
4m1i,0.66,0.72,MM
2ae2,0.64,0.44,MM
4nl2,0.64,0.76,MM
2gge,0.45,0.55,MM
3pc4,0.77,0.75,MM
4cpl,0.22,0.24,MM
1mas,0.89,0.95,MM
3rra,0.62,0.9,MM
1wyb,0.77,0.68,MM
3gwh,0.25,1.61,TD
1tzc,0.33,0.33,MM
3bcg,1.42,1.14,MM
2dd9,0.5,0.46,MM
2z4g,0.16,0.25,MM
1k96,2.93,0.12,RB
1qmg,0.3,0.5,MM
3dl2,2,1.74,MM
4keg,0.34,0.33,MM
1h2i,0.52,0.61,MM
1z72,0.97,1.75,TD
2pp0,0.18,0.32,MM
3fn4,0.34,0.31,MM
4bt2,0.42,0.4,MM
1zn7,1.11,1.18,MM
4gu3,0.35,0.73,MM
3i1l,0.27,0.4,MM
2aaw,0.69,1.31,TD
4my1,1.11,1.81,TD
3cf2,2.27,0,RB
1zgr,0.61,0.71,MM
1w68,0.99,0.68,MM
1afw,0.46,0.71,MM
3ifv,1.76,1.66,MM
3p2u,0.23,0.36,MM
1sbk,0.8,0.73,MM
1bys,0.12,0.12,MM
1sui,0.24,1.22,TD
3wsh,0.64,0.53,MM
3op7,0.57,0.65,MM
1nqv,0.24,0.13,MM
1u0t,1.65,1.5,MM
1jxv,1.08,1.03,MM
3vgt,0.45,0.58,MM
4fyk,0.56,0.66,MM
2dhr,0.99,0.96,MM
3tj7,0.52,0.79,MM
1trb,0.44,0.42,MM
2ddk,1.01,1.49,MM
3afn,0.67,0.7,MM
1bcj,1.11,1.33,MM
3w01,0.89,1.03,MM
3eer,1.18,1.41,MM
1bo5,1.04,0.63,MM
1sja,0.24,0.29,MM
1e24,1.9,1.65,MM
1z41,0.44,0.27,MM
4rhs,0.14,0.73,TD
3spc,3.65,2.13,RB
4otc,0.69,1.12,MM
2gm8,1.63,0.9,RB
3siw,0.81,0.71,MM
1sf2,0.24,0.36,MM
1fgg,0.59,1.51,TD
1oro,2.41,0.83,RB
1bkj,0.1,0.2,MM
1ogc,0.46,0.34,MM
1vfs,0.47,0.38,MM
3f8f,1.6,1.26,MM
2wzn,0.53,0.37,MM
4x6l,1.82,2.16,MM
1c3x,0.3,0.45,MM
2ddw,0.82,1.16,MM
3gep,3.35,2.24,RB
3n4w,0.3,0.63,MM
3la3,2.3,1.25,RB
2i9p,0.88,0.8,MM
2oof,0.2,0.18,MM
2xrs,0.56,0.7,MM
3pss,0.93,0.81,MM
3x00,0.62,0.68,MM
2fn1,1.12,0.83,MM
1kbj,0.57,0.74,MM
1kqd,0.38,0.43,MM
2cvl,0.77,0.71,MM
4f95,2.6,2.16,MM
2j7o,1.83,1.84,MM
3gw0,0.77,0.7,MM
2vk8,1.31,1.5,MM
4dbe,0.55,0.53,MM
1us6,0.78,1.04,MM
1sb8,0.29,0.24,MM
3dn9,0.62,0.8,MM
2c2j,0.4,0.34,MM
3qdu,0.59,0.28,MM
3b18,0.35,0.29,MM
3qyr,0.57,0.36,MM
3st7,0.84,0.74,MM
4nma,1.26,1.82,TD
4rj0,0.65,1.32,TD
1zrs,0.12,0.52,MM
2cda,0.7,0.75,MM
4lxt,0.44,0.56,MM
4gt0,1.38,1.47,MM
4ha7,0.42,1.34,TD
3zop,2,1.65,MM
3wgg,1.43,1.37,MM
3gqy,6.72,2.35,RB
3kvy,1.71,1.76,MM
3bbf,0.78,1.14,MM
4ccj,1.31,1.68,MM
4e8g,0.21,0.25,MM
2c2a,0.91,0.89,MM
3sld,0.41,1.53,TD
3dwi,1.17,1.23,MM
2xe5,0.43,0.42,MM
3bl7,0.51,0.55,MM
2ypp,1.64,1.88,MM
4b16,0.86,1.74,TD
2rak,2.79,1.46,RB
4av3,1.7,1.43,MM
2g82,0.42,0.42,MM
4kcw,2.13,2.31,MM
3o06,1.37,0.79,RB
3rg8,0.37,0.42,MM
3eth,0.74,0.9,MM
2q73,0.54,0.66,MM
2cxe,0.62,0.62,MM
2dm9,0.45,0.41,MM
4ifo,1.15,1.05,MM
3cl8,0.33,0.53,MM
1z6z,0.54,0.52,MM
1mr9,0.89,1.21,MM
2cav,0.31,0.3,MM
4a10,0.97,1.16,MM
2obc,1.07,1.17,MM
2prz,4.28,1.2,RB
4uoy,0.21,0.35,MM
4o5f,2.49,1.87,RB
6csc,0.56,0.5,MM
1gee,0.58,0.53,MM
4gli,5.66,1.44,RB
2j5q,0.55,0.53,MM
2yzg,1.72,1.7,MM
4e75,1.38,1.87,MM
1i3c,0.77,0.8,MM
1n9p,1.3,1.07,MM
1n1e,1.58,1.44,MM
1i1h,0.62,0.54,MM
2rd3,0.59,0.66,MM
1mnq,1.03,2.16,TD
3ho9,0.48,0.42,MM
2rlb,4.01,1.85,RB
3djf,1.22,1.61,MM
1zga,0.76,0.75,MM
4hkd,2.44,2.16,MM
2zdy,1.46,2.01,TD
4fak,0.72,0.91,MM
1hiy,1.1,0.85,MM
4u5r,0.34,0.53,MM
4c6b,0.67,1.16,MM
3nk7,1.26,1.32,MM
1ymg,0.34,0.29,MM
1i3d,0.33,0.36,MM
3mmr,0.13,0.11,MM
3stu,0.61,0.89,MM
4dhu,1.05,1.8,TD
4ecj,0.2,0.52,MM
3bez,0.55,0.61,MM
2x6b,3.73,1.85,RB
1fsw,0.55,0.41,MM
3tdt,0.95,0.77,MM
1or4,0.5,0.59,MM
1g41,1.6,0.67,RB
2ab6,1.14,1.38,MM
2ewh,0.55,0.39,MM
2tmd,0.16,0.19,MM
3a04,0.27,0.23,MM
1yak,0.69,0.93,MM
3phc,0.44,0.42,MM
3eoj,0.35,0.34,MM
4gez,1.95,1.17,RB
3tv8,1.17,0.74,MM
4ozn,1.6,1,RB
2iua,0.6,2.17,TD
1lq9,0.4,0.79,MM
3daf,0.41,0.34,MM
1igu,0.65,0.95,MM
2q2v,1,1.83,TD
4kcf,0.76,0.59,MM
2z1m,1.68,1.63,MM
3mbi,1.12,0.92,MM
4uc2,1.66,1.56,MM
4hur,0.48,0.79,MM
3c51,3.12,1.58,RB
3ci4,2.22,1.56,RB
3a31,0.18,0.16,MM
3lzx,1.94,2,MM
4wab,0.15,0.13,MM
4qto,0.77,0.66,MM
4a65,1.73,0.68,RB
1xvt,2.07,1.85,MM
1dj0,0.64,0.66,MM
3n4s,1.68,1.49,MM
1k4i,0.55,0.54,MM
3il6,0.47,0.69,MM
4b5s,1.05,1.12,MM
4gci,0.37,0.44,MM
1p3w,1.12,1.49,MM
3hy8,0.7,0.69,MM
2f2h,0.63,0.86,MM
1vic,2.76,0.69,RB
3zzf,0.74,1.46,TD
4rk4,0.11,0.11,MM
1ca4,0.44,0.62,MM
3fyt,0.45,0.33,MM
4dpl,0.7,0.37,MM
4g1o,1.1,1.36,MM
1k7h,0.12,0.13,MM
3mf1,0.34,0.49,MM
4k2m,0.39,0.8,MM
2igl,0.64,0.88,MM
4ln1,0.79,0.77,MM
3r7d,1.98,1.65,MM
3vav,0.58,1.45,TD
4r9l,0.39,0.37,MM
3lv8,0.53,0.52,MM
3bue,1.52,0.93,RB
4c13,0.33,0.32,MM
4ipe,1.23,1.66,MM
4hbe,1.94,0.69,RB
3ste,1.23,2.13,TD
3lvs,0.66,0.75,MM
2jas,1.72,1.14,RB
3ged,1.68,0.81,RB
4c22,0.42,0.33,MM
4bat,1.32,0.22,RB
4gxf,0.62,0.7,MM
4xfr,1.03,1.03,MM
1l1q,0.43,0.35,MM
3mqg,0.45,0.57,MM
4d9k,0.83,1.11,MM
2y62,0.55,0.32,MM
3oti,2.89,2.22,RB
1bhg,1.04,1.03,MM
2j3n,0.54,0.55,MM
2bk3,0.42,0.39,MM
1a68,0.56,0.43,MM
1j3u,0.61,0.88,MM
3hyl,0.31,0.31,MM
4xxv,1.37,2.24,TD
4ixd,0.81,0.41,MM
3vox,3.71,0.63,RB
2rjt,0.48,0.43,MM
4fzp,0.21,0.96,TD
3v1w,0.59,0.57,MM
1pqh,1.42,1.61,MM
3zjm,0.79,0.75,MM
2ews,1.4,1.83,MM
4a6c,1.98,1.4,RB
1gzv,0.39,0.38,MM
1ulu,1.18,2,TD
1u5z,0.71,0.96,MM
1qsm,0.54,0.76,MM
2bfg,1.15,0.85,MM
2wm1,0.61,0.53,MM
4ckl,1.36,1.48,MM
2x3y,1,1.84,TD
3k9g,1.03,1.44,MM
1zk1,0.7,1.06,MM
1wa3,1.27,0.85,MM
3vk5,0.29,0.25,MM
3k9e,0.35,0.64,MM
4k7r,0.29,0.28,MM
3eas,1.74,1.64,MM
1q06,0.29,0.33,MM
2wr1,1.59,2.19,TD
2oma,0.85,0.94,MM
4wsr,0.29,1.58,TD
3mbq,0.56,0.71,MM
4rr0,2.05,1.92,MM
2r5q,1.94,1.32,RB
2wbv,0.26,0.41,MM
1dlm,0.26,0.45,MM
4okd,0.58,0.61,MM
1m0d,0.96,1.03,MM
1geu,0.33,0.42,MM
3jv7,0.95,1.53,TD
3nwf,1.2,1.53,MM
2x8w,1.16,1.34,MM
1gl3,1.74,1.79,MM
4dvd,0.33,0.2,MM
4br1,1.07,1.22,MM
2gl5,0.28,0.39,MM
1pdz,0.67,0.66,MM
3r3e,0.28,0.69,MM
4qdd,2.06,1.79,MM
3b9o,0.36,0.49,MM
1f8x,0.44,0.45,MM
4pbs,2.74,1.69,RB
2cww,0.99,1.39,MM
4d8u,0.38,0.59,MM
2pzk,0.47,0.89,MM
4hoc,3.81,1.12,RB
1yuz,0.24,0.39,MM
2wtg,0.5,0.52,MM
2gru,0.5,0.65,MM
3anv,0.35,0.44,MM
2a18,0.35,0.33,MM
2z8m,0.74,0.54,MM
1nda,0.82,0.63,MM
4dx3,0.19,0.18,MM
1r6l,0.34,0.25,MM
1ktb,0.06,0.01,MM
2q5j,1.94,1.74,MM
2vg2,0.64,0.9,MM
1di0,0.96,0.96,MM
3sn0,0.43,0.42,MM
3iwu,0.53,0.62,MM
2zwn,0.1,0.23,MM
3h8f,0.71,0.78,MM
4b2m,0.53,0.49,MM
1me7,1.58,1.57,MM
2z55,0.45,0.74,MM
3sbp,0.26,0.29,MM
3a2s,0.98,0.8,MM
3inm,6.05,1.84,RB
1emd,0.68,0.75,MM
1kj8,0.73,0.97,MM
3u2t,1.34,1.28,MM
3okr,1.44,1.42,MM
1equ,1.18,1.53,MM
4dyk,0.7,0.68,MM
3anz,0.58,0.56,MM
1yg8,3.2,2.27,RB
1cb5,0.58,0.48,MM
4iy1,0.37,0.37,MM
4umf,0.62,0.62,MM
2vxk,0.15,0.14,MM
3jz6,0.24,0.86,TD
2gzl,2.23,1.4,RB
3wb2,0.72,0.85,MM
1tvl,0.53,0.52,MM
3v4b,0.13,0.11,MM
3rft,0.27,0.36,MM
4gh5,0.55,1.72,TD
2f9t,0.95,0.95,MM
2nsj,0.41,0.29,MM
4ao7,0.76,0.73,MM
1gte,0.5,1.12,TD
3nx2,0.7,0.99,MM
1z8d,3.24,2.08,RB
4o0k,1.34,0.14,RB
1sz2,1.86,1.91,MM
2i81,1.35,1.39,MM
1aln,0.24,0.24,MM
3pvd,0.14,0.37,MM
2z4p,0.21,0.64,MM
2phm,0.38,0.34,MM
4ekr,0.22,0.61,MM
4fev,1.52,1.64,MM
4x0o,1.19,1.48,MM
3hu3,3.51,1.41,RB
1eix,1.68,1.36,MM
3t6s,0.31,0.34,MM
2dg2,0.53,0.41,MM
4b7f,0.24,0.32,MM
4beu,0.18,0.16,MM
3vlk,1.09,0.86,MM
2hf0,0.4,0.43,MM
1ee0,0.33,0.39,MM
1i0d,3.17,2.09,RB
1m9m,1.11,1.37,MM
1zmc,0.26,0.4,MM
3nst,1.28,1.2,MM
4x1e,2.21,1.94,MM
2hjp,0.39,0.34,MM
1udy,0.45,0.4,MM
3b9y,0.54,0.48,MM
2o2z,0.78,0.97,MM
1dhr,0.67,0.48,MM
3lk5,0.72,0.68,MM
3v1x,0.64,0.67,MM
3nzg,0.3,0.25,MM
1w75,1.04,1.17,MM
3ale,0.53,1.13,TD
1zwl,0.85,1.93,TD
4nk8,0.23,0.2,MM
4mch,0.58,0.41,MM
2x3v,1.41,2,TD
2prn,0.29,0.29,MM
2zya,1.42,1.49,MM
3e9k,0.18,0.15,MM
2xcx,2.55,1.06,RB
1y2o,1.17,1.37,MM
2ogu,2.2,2.13,MM
1q09,0.92,0.91,MM
1eem,0.51,0.35,MM
3hpx,0.25,0.28,MM
3qna,1.65,0.49,RB
3o72,0.78,0.82,MM
2amj,0.3,1.06,TD
4oft,0.67,0.71,MM
1h78,0.82,0.65,MM
1mjk,1.39,1.4,MM
1x03,4.25,1.82,RB
4l8v,1.13,0.84,MM
4grt,0.99,0.83,MM
4kk5,0.55,2.18,TD
2fzt,0.66,0.82,MM
3fxq,0.7,0.79,MM
4wd8,0.09,1.24,TD
3l92,0.69,0.51,MM
2yq8,1.01,1.56,TD
1bos,1.53,0.73,RB
2a7x,1,1,MM
3i54,4.09,1.84,RB
1i0x,0.41,0.61,MM
1fcj,1.69,1.81,MM
3qdq,0.63,0.63,MM
3lzq,0.62,0.75,MM
1npl,0.35,0.34,MM
4bjr,0.97,0.78,MM
2zd9,0.94,1.19,MM
3axb,1.53,1.15,MM
1nff,0.37,0.32,MM
1upa,0.41,1.33,TD
1mt5,1.37,1.84,MM
1rj8,1.31,2.14,TD
2ykx,0.29,0.32,MM
3sch,1.56,2.14,TD
4lit,1.6,1.74,MM
4drs,4.24,0.58,RB
1ryz,2.05,1.83,MM
3t2w,0.9,0.92,MM
1zye,0.6,0.56,MM
1dzt,0.36,0.99,TD
1td2,0.75,0.9,MM
4myn,1.1,0.81,MM
2dor,0.67,0.62,MM
1ekq,0.94,1.18,MM
2h0e,0.43,0.91,MM
1i12,0.74,1.47,TD
4es2,1.29,1.25,MM
3nrr,1.4,1.24,MM
3v7s,0.6,0.49,MM
4f8e,1.42,2.08,TD
3bfr,0.43,0.53,MM
1buo,0.57,0.48,MM
4g5p,1.85,1.81,MM
3s5n,0.27,0.22,MM
4csm,1.36,1.06,MM
1yso,0.36,0.34,MM
2dbr,0.75,0.55,MM
1vgx,0.72,0.35,MM
4gp1,0.52,0.44,MM
4i6u,1.54,1.54,MM
1rzn,0.51,1.04,TD
3ss4,0.98,1.66,TD
3es8,1.07,0.85,MM
1b8u,0.39,0.34,MM
1c9y,2,1.15,RB
1riy,0.53,0.7,MM
4ktz,0.87,0.87,MM
1n31,0.27,0.3,MM
1yl6,7.04,1.58,RB
3deq,0.55,0.55,MM
1gy8,0.38,1.84,TD
1ids,0.43,0.37,MM
1non,0.94,1.37,MM
3pkp,4.37,1.7,RB
2amp,0.89,1.03,MM
3kpd,0.58,1,MM
2fmb,0.17,0.16,MM
4jvt,0.32,0.57,MM
3r5f,1.05,1.03,MM
4dc1,0.74,1.35,TD
3n7u,3.27,0.55,RB
3b53,0.38,0.34,MM
4kra,1.75,2.06,MM
1fa5,0.31,0.62,MM
4pdv,2.76,2.25,RB
1knw,0.2,0.2,MM
4m2k,0.47,0.44,MM
1su2,0.67,0.89,MM
4g9n,0.39,0.35,MM
3tak,0.38,0.37,MM
3n8d,1.57,1.32,MM
2imf,0.23,0.16,MM
2x5j,1.48,1.89,MM
4i08,2.37,1.97,MM
1mdz,0.37,0.39,MM
1nch,1.76,1.58,MM
1rlu,1.35,1.89,TD
2e2k,1.19,2.19,TD
4hwt,1.64,1.88,MM
4r8k,0.84,1.18,MM
4rp4,0.56,1.49,TD
2z1u,0.57,0.49,MM
4lto,0.56,1.09,TD
4hgy,0.65,0.75,MM
3mdw,0.37,0.31,MM
4rjk,0.35,0.63,MM
4mby,0.41,1.26,TD
4n5m,0.97,0.94,MM
1lbz,0.95,0.9,MM
3n4j,0.51,0.79,MM
4bd7,1.58,1.88,MM
1r52,0.52,1.08,TD
1fjh,0.26,0.47,MM
2za0,0.69,0.86,MM
1k44,0.96,0.86,MM
2vfg,1.07,1.58,TD
3q12,0.87,1.94,TD
4b0j,1.29,1.9,TD
4enr,0.81,0.66,MM
3ohs,0.24,0.2,MM
2j0n,1.34,1.29,MM
1rxx,1.25,2.23,TD
2ej0,0.43,2.25,TD
3bss,1.05,1.67,TD
3o6c,0.27,0.21,MM
1vbg,1.01,0.82,MM
4n05,1.15,1.5,MM
1lwd,4.24,0.77,RB
4j9x,0.2,0.18,MM
4p9n,0.27,0.22,MM
1u20,0.62,0.69,MM
3gl2,0.94,1.65,TD
4mpc,2.79,1.5,RB
3a9s,0.18,0.23,MM
1ped,1.07,0.96,MM
2h1s,0.87,1.1,MM
3enj,2.99,2.28,RB
1yiz,1.14,1.28,MM
4gvs,0.77,1.18,MM
2o66,0.31,0.43,MM
3o1n,1.2,1.49,MM
4hq9,0.59,0.27,MM
4e2s,0.44,0.59,MM
3kb8,0.61,0.86,MM
4b3u,1.64,2.27,TD
3v4t,1.44,1.99,TD
1jgs,1.87,1.82,MM
1zy5,1.61,1.76,MM
2w25,2.75,1.62,RB
3qae,0.22,0.21,MM
2yqb,0.37,0.36,MM
1z0g,0.51,1.14,TD
2h5x,0.65,0.96,MM
4pz9,0.77,1.25,MM
1lld,3.1,1.39,RB
1yq5,0.31,0.16,MM
1cvi,0.75,1.21,MM
2uv6,0.4,0.39,MM
2wwg,0.57,1.91,TD
1qj5,2.07,2.14,MM
1di6,0.67,0.54,MM
3o03,0.21,0.19,MM
3bw3,0.24,0.24,MM
3orr,0.79,1.17,MM
4adj,1.45,1.91,MM
3d40,1.76,1.68,MM
1ru0,0.18,0.3,MM
3gn1,1.72,2.27,TD
4knp,0.75,0.68,MM
3ogp,1.05,1.22,MM
2reh,0.57,0.39,MM
1b0z,0.49,0.41,MM
3a3d,0.65,0.97,MM
4iqi,1.17,2.28,TD
1zsy,0.72,0.57,MM
1wkq,1.08,1.03,MM
4oh2,1.67,2.3,TD
3vzs,0.94,0.92,MM
3o93,0.33,0.52,MM
3ii9,1.23,1.7,MM
1q4r,0.33,0.33,MM
4nqz,0.63,1.8,TD
1soo,2.09,2.12,MM
2ixe,1.12,1.09,MM
3prl,0.52,0.57,MM
4u1t,0.48,1.09,TD
2dpg,1.05,1.09,MM
2bgc,1.78,1.93,MM
3thr,1.29,1.88,TD
1zed,0.39,0.36,MM
3m4g,0.95,1.24,MM
2o1o,0.42,0.98,TD
1jlj,0.7,0.5,MM
4m3n,0.36,0.34,MM
3eol,0.67,1,MM
1rri,1.05,0.55,MM
4mfr,0.76,0.56,MM
1zo8,0.5,0.68,MM
4nup,1.33,2.05,TD
3cim,0.38,0.42,MM
3whc,1.1,1.16,MM
3vp0,0.63,0.6,MM
1vzh,0.04,0.33,MM
2wpc,0.73,0.68,MM
2bm9,0.75,0.95,MM
2e03,1.6,0.94,RB
3lzz,0.63,0.53,MM
3osk,1.34,1.54,MM
3hza,0.87,1.03,MM
3i4c,2.38,1.99,MM
3oci,0.12,0.13,MM
1s4f,0.96,1.68,TD
2cjg,0.17,0.16,MM
3t0u,0.45,1.44,TD
3irm,1.9,2.1,MM
2x6f,0.46,0.72,MM
3pd6,0.31,0.45,MM
2e54,0.29,0.28,MM
4mhd,0.49,0.55,MM
2v78,0.27,0.35,MM
1p17,1.02,0.9,MM
1fug,1.5,1.31,MM
1bsm,0.58,0.79,MM
1uys,1.25,1.35,MM
1akb,1.87,1.62,MM
3l6b,0.36,0.28,MM
3kob,0.71,2.07,TD
4emp,5.39,2.27,RB
3kxs,1.75,1.96,MM
2aqw,0.56,0.6,MM
4nxu,1.72,1.84,MM
3tdc,1.24,1.32,MM
2v8g,7.86,1.4,RB
3o7x,0.86,1.68,TD
4oml,0.35,0.33,MM
3m4s,0.45,0.55,MM
4ppv,0.1,0.09,MM
1wnb,0.25,0.21,MM
3gfg,0.55,1.51,TD
9rub,1.21,1.88,TD
2fvk,0.44,1.96,TD
3fb3,0.96,0.97,MM
2dvx,0.17,0.69,TD
3mm0,1.2,2.15,TD
2bi5,0.58,0.62,MM
1c3c,0.37,0.38,MM
1kfl,1.63,1.26,MM
4q42,1.46,2.03,TD
4eeb,1.52,1.63,MM
4p9c,1.65,0.73,RB
1qjg,1.2,1.33,MM
3bk9,0.96,1.25,MM
1l9v,0.87,1.37,TD
1isf,0.38,0.39,MM
2iqh,1.41,2.08,TD
4qpz,0.96,0.69,MM
2cjf,1.58,1.07,RB
1vk5,1.12,1.08,MM
1qoh,0.41,0.29,MM
4m32,0.46,0.93,MM
1iwe,1.8,1.7,MM
3vvb,2.47,1.53,RB
2a99,0.61,0.64,MM
3u48,0.12,0.34,MM
3zw1,0.8,0.93,MM
3bj7,2.25,2.13,MM
3tde,0.49,0.5,MM
3asj,1.75,1.42,MM
2gtc,1.31,1.6,MM
1xxr,0.11,0.48,MM
2wue,0.88,0.58,MM
1lwh,0.77,0.77,MM
4gp7,1.46,1.02,MM
2c2x,0.91,0.97,MM
4kby,4.45,1.46,RB
3e6g,1.08,1.12,MM
1g2q,0.72,1.22,MM
4i61,0.4,0.29,MM
1i07,0.56,1.24,TD
1f8s,0.24,0.25,MM
1d8h,0.47,0.5,MM
1xkj,0.79,0.81,MM
2zmd,0.72,0.62,MM
1gd9,0.66,0.4,MM
2wlg,1.4,0.89,RB
4ks0,3.08,1.55,RB
1rft,1.42,1.21,MM
2fs5,0.42,0.61,MM
1j85,0.41,0.34,MM
1x0x,0.25,0.25,MM
3wnz,0.35,0.27,MM
4g3m,1.05,1.7,TD
1tim,1.36,1.68,MM
3zw7,1.13,1.41,MM
4rhe,1.1,0.86,MM
4cz1,0.23,0.47,MM
4g86,0.5,1.55,TD
4hcd,0.32,0.27,MM
1smk,0.76,0.9,MM
4lfg,0.45,0.72,MM
3lf0,1.05,0.95,MM
3h90,2.43,0.43,RB
2xjo,0.7,0.79,MM
1tiw,0.87,0.65,MM
2xfl,0.89,1.65,TD
2ei5,1.84,1.38,MM
1siv,0.56,0.58,MM
3qaw,0.33,0.33,MM
4k7i,0.61,1.21,TD
4oum,0.43,0.73,MM
3ka6,1.41,1.38,MM
3tjt,0.17,0.11,MM
2hox,0.45,0.43,MM
3h9v,2.99,1.75,RB
1h6d,0.22,0.29,MM
1ege,0.55,0.59,MM
1o8u,0.38,0.37,MM
1ndj,1.55,2.08,TD
2d52,0.34,0.42,MM
2vpf,2.14,1.7,MM
4kn8,0.31,1.74,TD
4h15,0.83,0.9,MM
2g9z,0.56,0.57,MM
1eyr,0.58,0.68,MM
3mpb,0.13,0.62,MM
2caq,0.24,0.25,MM
2zbu,0.54,0.66,MM
1lkm,0.45,0.4,MM
2imk,0.58,0.67,MM
3rqs,2.6,2.26,MM
3ju2,0.5,0.29,MM
3cra,0.83,0.94,MM
1vhq,0.35,0.3,MM
2y3g,2.65,2.17,MM
4ho7,0.44,0.31,MM
2f59,1.23,0.63,RB
1ll0,1,1.23,MM
1odl,0.37,1.62,TD
4lem,1.33,1.63,MM
1epz,0.2,0.19,MM
1nc1,1.85,1.74,MM
2o70,0.33,0.67,MM
3rwb,0.37,0.49,MM
1do6,0.59,0.8,MM
1djp,0.63,0.94,MM
1yhz,0.35,0.32,MM
2pr6,0.55,0.39,MM
2h2k,0.36,0.45,MM
1u1v,3.1,1.35,RB
2q34,1.38,0.51,RB
4ihe,0.77,0.71,MM
3wuh,2.02,1.5,RB
1v8u,1.66,1.07,RB
3k7s,0.36,0.35,MM
4ozz,0.28,0.23,MM
1tg5,1.11,0.62,MM
2xwm,0.86,1.15,MM
4em3,0.27,0.49,MM
2inu,0.16,0.14,MM
1tox,1.72,1.67,MM
2ch5,3.59,1.79,RB
3v2q,0.87,1.08,MM
1v43,0.35,0.25,MM
4rdz,0.52,0.31,MM
2p9h,0.51,0.63,MM
4o9c,0.89,0.48,MM
4jhx,1.37,1.48,MM
3zdq,2.79,2.08,RB
1gfs,0.5,0.46,MM
3sz8,0.89,1.33,MM
3ux3,1.02,0.38,RB
1o9e,0.38,0.35,MM
4tmb,0.52,0.62,MM
4ac8,0.62,0.56,MM
1ueu,1.42,1.14,MM
3o76,0.96,0.96,MM
2gyu,1.57,2.02,MM
3f8d,0.75,0.77,MM
1m4g,0.68,0.69,MM
4m89,0.41,1.82,TD
2gmu,0.78,0.65,MM
1utg,0.56,0.6,MM
1jcx,1.2,2.12,TD
2zj0,0.54,0.62,MM
2zsl,0.41,0.42,MM
4h7p,0.26,0.66,MM
2dg0,0.34,0.41,MM
2vz9,0.55,0.55,MM
3t94,0.35,0.4,MM
3qbl,0.51,0.62,MM
3agb,1.74,1.99,MM
3cdj,1.42,1.08,MM
1kwg,0.2,0.16,MM
2a48,0.36,0.25,MM
3ble,0.41,0.34,MM
3c6m,0.83,1.46,TD
2j6l,2.4,1.33,RB
1is2,0.56,1.08,TD
4ixx,0.73,0.46,MM
3lkj,2.6,1.27,RB
3dp1,0.75,0.96,MM
2yhe,1.39,1.54,MM
3g3m,1.27,1.22,MM
1y2v,0.35,0.33,MM
2e25,0.99,0.62,MM
2w90,0.29,0.7,MM
4dmb,0.59,0.68,MM
2a9e,0.18,0.2,MM
3w78,1,0.99,MM
3s0h,1.8,1.49,MM
3e1v,2.42,1.68,RB
2rj9,2.88,1.98,RB
1igp,1.71,2,MM
4n3v,0.86,1.18,MM
1n1d,0.9,0.89,MM
1sj2,0.46,0.51,MM
1omv,1.91,1.51,MM
4en0,1.22,1.43,MM
2vbf,0.15,0.39,MM
2etr,2.04,1.9,MM
3s81,0.39,0.48,MM
3gwe,0.4,0.39,MM
1eg2,0.37,0.37,MM
4izi,0.58,0.59,MM
1j95,1,1.03,MM
1ncf,1.62,1.74,MM
3lsh,1.43,1.31,MM
4dqc,0.72,0.96,MM
3v7p,0.27,0.27,MM
4jxr,0.18,0.23,MM
4hza,1.74,0.89,RB
4hov,0.57,0.7,MM
1e9f,1.44,1.32,MM
4hkr,0.16,0.14,MM
4ots,0.21,0.06,MM
4wit,0.45,0.46,MM
4com,1.16,2.18,TD
3cps,1.12,0.66,MM
4c7l,0.59,1.09,TD
2uuv,0.73,1.74,TD
3otc,1.48,0.48,RB
2xmn,1.29,1.45,MM
2h9v,1.47,0.99,MM
3cw9,1.08,0.79,MM
2pzb,1.92,1.45,MM
3ta0,1.45,1.81,MM
3gy1,0.38,0.37,MM
1vhy,1.27,1.07,MM
3n4e,0.29,0.29,MM
4hej,1.91,2.16,MM
2d8e,0.46,0.45,MM
2gse,0.38,0.39,MM
3nz4,1.37,1.7,MM
3ibr,0.26,0.52,MM
3mbl,1.51,2.01,MM
3uzb,0.59,0.9,MM
4p3a,0.46,0.62,MM
1v7x,0.37,0.35,MM
3enu,0.86,0.67,MM
2yk7,1.54,1.44,MM
1bbu,1.39,1.24,MM
1jxi,0.28,0.32,MM
4l5y,0.82,1.61,TD
3rgt,0.55,0.53,MM
1kru,0.53,0.63,MM
3i16,0.33,0.86,TD
1ydg,0.51,0.59,MM
4h6p,0.57,0.76,MM
2zho,1.51,1.54,MM
1kgz,1.07,1.09,MM
1rpo,2.94,1.14,RB
2og9,0.58,0.57,MM
2wiq,1,0.99,MM
3qfv,2.96,1.49,RB
2j3h,0.6,0.83,MM
3q88,0.61,0.61,MM
4a6s,0.46,0.93,MM
1niu,0.42,0.42,MM
4i45,1.96,2.25,MM
2bvc,1.83,1.52,MM
3jxp,0.65,0.62,MM
3ovq,0.8,0.83,MM
3bbd,0.22,0.46,MM
4foa,0.8,1.3,MM
4kpr,0.69,0.66,MM
4bby,0.53,1.3,TD
1qrf,1.7,1.28,MM
5mdh,0.76,1.1,MM
4kqx,0.63,0.66,MM
3k2e,0.3,0.56,MM
4ldk,0.35,0.33,MM
4kwi,0.27,0.64,MM
4is2,0.92,0.93,MM
3lt3,1.92,1.72,MM
2egw,0.85,0.94,MM
3ox9,2.16,1.97,MM
3l5s,2.47,1.87,RB
2ynw,1.94,0.95,RB
2wgc,0.78,0.77,MM
2qq0,2.8,1.27,RB
1kq1,1.49,0.82,RB
3b03,0.67,0.65,MM
2q4e,0.48,0.57,MM
1sr9,0.85,0.92,MM
2qjh,0.95,1.84,TD
3gie,3.01,1.84,RB
4tv6,1.53,1.04,MM
3qxh,0.65,0.57,MM
3p41,0.52,0.52,MM
3v4x,0.58,0.63,MM
2wvg,0.7,0.71,MM
2e5x,0.95,0.38,RB
1feb,0.73,0.77,MM
4jbd,2.32,1.47,RB
3klz,0.69,1.01,MM
1akm,1.58,1.18,MM
4o5v,0.22,0.2,MM
3hq0,0.55,0.66,MM
1bhy,0.22,0.17,MM
2pgn,0.37,0.43,MM
2fue,0.39,0.37,MM
1fm7,0.22,0.49,MM
4oi3,0.48,0.54,MM
1tya,0.83,0.59,MM
2jbm,0.62,0.57,MM
3inr,0.57,1.19,TD
3tal,1.02,1.35,MM
1ahz,0.11,0.09,MM
4dky,0.72,0.71,MM
2r84,1.87,2.38,TD
3ids,1.1,1,MM
4uog,0.32,0.38,MM
4m52,0.67,0.61,MM
3tj8,2.99,1.66,RB
4ag7,0.92,0.84,MM
4nsn,0.79,0.82,MM
1zos,0.75,0.53,MM
1yf1,1.49,1.03,MM
2o2c,0.47,0.61,MM
4ak6,0.37,0.39,MM
3wkx,1.06,0.93,MM
4m9u,0.91,0.76,MM
4edo,0.71,0.5,MM
3v8d,1.12,0.52,RB
1on3,0.66,0.83,MM
1rz0,0.23,0.37,MM
2iu7,0.38,0.57,MM
2zl7,1.79,1.68,MM
1qk3,2.3,1.63,RB
2d5c,1.01,1.34,MM
3lrm,0.37,0.25,MM
2jkv,3.32,1.69,RB
4njv,0.35,0.59,MM
3dhz,0.68,0.72,MM
4quz,0.31,0.33,MM
3id2,1.59,1.1,MM
2xh1,1.15,1.16,MM
3una,0.96,0.68,MM
1i2b,0.06,0.05,MM
1h1z,0.33,0.31,MM
2vmr,0.88,0.69,MM
2c49,1.66,1.22,MM
3iv8,0.58,0.93,MM
4i9g,0.99,1.11,MM
3ue0,1.35,1.69,MM
4dk4,0.88,0.77,MM
1ftf,1.31,1.16,MM
4dwv,0.66,0.69,MM
1vgw,0.93,1.95,TD
1g9s,0.53,0.68,MM
4owy,1.06,1.2,MM
2wyl,0.99,2.16,TD
1jvk,0.62,0.69,MM
1lbm,0.2,0.19,MM
3ggu,2.49,1.52,RB
4k59,0.49,0.46,MM
4b4v,0.26,0.34,MM
2qq1,0.89,1.24,MM
1h4t,1.01,0.91,MM
4met,0.5,0.57,MM
1i7n,1.26,1.09,MM
2vae,2.01,0.55,RB
3i26,0.56,1.11,TD
3wsw,2.23,1.18,RB
1hkw,0.51,0.48,MM
2c7t,0.16,0.15,MM
3llw,0.88,0.99,MM
3ll5,0.89,2,TD
2v4y,2.48,2.22,MM
4at0,0.18,0.16,MM
3pgp,0.5,0.45,MM
3aov,0.29,0.31,MM
3h6j,0.35,0.28,MM
1x7o,0.44,0.97,TD
2y4n,0.83,0.8,MM
3jqm,1.63,0.6,RB
2v50,0.62,1.29,TD
2pca,0.85,1.26,MM
4gkb,0.85,1.06,MM
1l6y,0.57,0.37,MM
2d36,0.53,0.5,MM
4hzc,0.87,1.98,TD
4wxg,1.07,0.73,MM
1jra,0.67,0.82,MM
2q1t,1.26,1.55,MM
2y4p,2.03,2.25,MM
3gdg,0.58,0.83,MM
4rhj,0.65,1.88,TD
1h96,0.2,0.19,MM
3m83,0.33,0.32,MM
4jsj,1.75,1.24,RB
1e1e,0.76,0.49,MM
3zjf,1.13,1.99,TD
2iho,1.1,1.46,MM
3gab,2,2.19,MM
2o7c,0.95,0.95,MM
4cbb,0.48,0.45,MM
3olp,1.21,1.08,MM
1tel,0.55,0.53,MM
4ubt,0.62,0.63,MM
3rua,0.86,0.77,MM
3t0t,1.74,0.67,RB
3fj7,1.01,1.29,MM
2qii,1.91,1.75,MM
1rpt,0.45,0.44,MM
1vpn,0.19,0.47,MM
4d2j,2.61,1.26,RB
3fed,0.6,0.58,MM
1wtj,0.47,0.96,MM
2qpt,0.64,0.63,MM
3u2h,1.26,0.86,MM
2zvc,0.4,0.4,MM
4qed,0.14,0.24,MM
2dqr,1.36,1.31,MM
2pnh,1.02,1.18,MM
2oau,3.8,1.87,RB
1l3b,0.92,1.07,MM
3hrs,0.71,1.17,MM
4m8z,0.7,0.51,MM
4csg,2.89,2.1,RB
1ori,0.55,1.66,TD
2az3,0.46,0.74,MM
3opv,1.08,1.84,TD
2ay4,1.04,1.21,MM
2yid,1.51,1.61,MM
2pw0,0.76,1.33,TD
3hfu,0.31,0.47,MM
3oa0,0.8,1.12,MM
2ji8,0.36,0.32,MM
1byi,0.79,0.76,MM
3gg0,1.02,0.86,MM
4nxl,0.86,0.8,MM
2x0i,0.53,0.52,MM
4hr4,0.81,0.6,MM
2yip,2.16,1.99,MM
3sn9,0.44,0.33,MM
4n2n,1.69,1.36,MM
1wls,0.45,0.88,MM
2gdu,0.91,0.61,MM
4jwp,0.93,0.82,MM
1vd6,0.28,0.28,MM
3ftt,0.23,0.22,MM
1tgj,0.95,0.84,MM
2i4m,0.9,0.89,MM
3ozm,0.51,0.99,MM
1ani,1.11,1.22,MM
4nh4,1.25,0.97,MM
3k07,2.49,1.21,RB
3phl,2.97,0.67,RB
3b8n,1.69,1.96,MM
1ibh,0.7,0.6,MM
2q18,0.46,0.49,MM
2j91,1.01,1.92,TD
1jif,0.83,0.82,MM
2r91,0.39,0.53,MM
2how,0.19,0.39,MM
2ii8,1.2,1.51,MM
1xxb,0.9,1.16,MM
2e6g,1.33,1.46,MM
4mu1,1.37,0.3,RB
5bj3,1.42,1.37,MM
2wgf,0.87,0.88,MM
4o7u,0.33,1.96,TD
3pd4,1.76,0.92,RB
4jpf,0.48,0.41,MM
2pva,0.56,0.64,MM
1a1s,0.89,0.8,MM
3glq,4.82,0.41,RB
3pqe,2.72,2.02,RB
3lq6,0.67,0.85,MM
3ek5,0.68,1.06,MM
1mi7,1.55,1.73,MM
1rv8,0.47,0.69,MM
3wxl,1.81,1.8,MM
3gyw,1.51,1.5,MM
4xr9,0.51,1.54,TD
4nb0,0.92,2.12,TD
1pkl,3.68,1.59,RB
1rkv,0.27,1.18,TD
1p7g,0.29,0.66,MM
2yax,0.19,0.16,MM
1b49,0.24,0.23,MM
3opq,0.27,0.52,MM
3dr6,1.18,1.06,MM
3lgm,1.49,1.57,MM
3bjk,2.47,1.85,RB
4bi9,1.21,0.9,MM
3ku7,0.83,1.8,TD
1zsx,1.09,0.41,RB
1l6r,0.15,0.55,MM
3b1r,2.2,1.97,MM
3ib7,0.09,0.08,MM
1hzd,1.63,0.55,RB
4hrw,0.57,0.84,MM
2b1i,1.3,1.34,MM
2ts1,0.28,0.25,MM
4mrn,0.71,1.13,MM
4bvr,0.48,0.49,MM
4hc8,0.66,0.57,MM
1tfg,0.28,0.26,MM
3eib,0.8,0.95,MM
4k87,1.7,1.62,MM
1jv1,0.86,1.16,MM
1i52,2.06,1.41,RB
2yab,0.42,0.45,MM
2fh9,1.56,0.49,RB
1x12,0.66,0.69,MM
1w46,1.15,1.91,TD
2xrm,1.41,1.8,MM
3liq,0.39,0.55,MM
4mgr,1.23,1.99,TD
3nd7,0.8,1.09,MM
4ge3,0.32,0.4,MM
4i7e,1.72,1.01,RB
1v71,1.93,1.84,MM
2z0p,1.18,1.33,MM
3koq,0.34,1.57,TD
4b1f,1.07,1.23,MM
4a0h,0.66,0.99,MM
4jjk,3.05,1.53,RB
2qgh,0.16,0.15,MM
2oj5,0.51,0.48,MM
3b4m,0.7,0.91,MM
4qly,1.42,0.79,RB
3f1k,0.66,0.59,MM
3cq5,1.6,1.35,MM
2ahy,0.4,0.49,MM
4c25,0.2,0.18,MM
4lgw,0.67,0.62,MM
2qdd,0.39,0.46,MM
3aza,0.99,1.84,TD
1ue5,1.81,1.63,MM
3wwm,1.21,1.28,MM
1usm,0.89,0.74,MM
2bsd,0.61,0.8,MM
2q51,1.1,1.3,MM
3zrq,0.77,0.62,MM
2vav,0.62,2.3,TD
4l2o,0.31,0.35,MM
3vy2,1.24,0.84,MM
2nze,0.31,0.47,MM
3oif,0.93,1.78,TD
4dik,0.62,1.31,TD
4rhc,1.47,1.22,MM
1kwb,0.53,0.45,MM
1vie,0.51,0.46,MM
1yib,0.62,0.59,MM
3u0i,0.51,0.46,MM
4to0,0.84,2.3,TD
4vub,0.29,0.25,MM
2omb,1.31,2.02,TD
3sxm,1.07,1.08,MM
4qn3,0.2,0.18,MM
3cp1,0.26,0.26,MM
4nat,0.58,0.63,MM
2vvp,0.47,0.61,MM
4kz1,0.51,0.33,MM
1a7b,1.67,0.76,RB
3ko8,0.12,0.11,MM
1nap,0.56,0.8,MM
3kjj,0.32,0.45,MM
3t64,0.63,0.66,MM
2nux,0.38,0.29,MM
3paq,1.44,0.87,RB
4d2p,1.26,1.3,MM
3k1y,0.54,0.6,MM
2zct,1.14,1.28,MM
2f78,1.71,1.51,MM
2p2o,0.32,0.47,MM
3toz,1.68,1.74,MM
4h02,1.57,1.61,MM
1uir,0.4,0.65,MM
1jiq,0.71,0.71,MM
1nqn,1.65,2.21,TD
4x0f,0.74,1.15,MM
3ua3,0.83,0.72,MM
2gth,0.43,0.32,MM
2eg2,0.26,0.24,MM
3rf6,0.52,0.49,MM
1yta,1.27,1.5,MM
4fwo,0.67,0.59,MM
3qe6,1.63,2.01,MM
3tmk,0.84,1.17,MM
3dj6,0.15,0.15,MM
3nen,0.4,0.79,MM
2okg,0.4,1.08,TD
1f1r,0.37,0.31,MM
4bmn,0.56,1.82,TD
1uxt,0.48,0.44,MM
2oi5,2.37,2.15,MM
3pfl,0.42,0.37,MM
4ni8,0.14,0.2,MM
3efk,1.67,1.78,MM
1ygb,0.58,0.56,MM
1j0c,0.44,0.6,MM
1nhr,0.72,0.44,MM
2o11,1.07,1.03,MM
3oyx,1.09,1.07,MM
2ljr,0.47,0.52,MM
1bet,1.43,1.33,MM
3mjz,0.37,0.38,MM
1inr,1.75,1.66,MM
4px1,0.58,0.91,MM
3ti5,0.3,0.2,MM
1sn2,0.66,1.06,MM
2y6v,0.75,1.06,MM
2woj,1.56,1,RB
1vcg,1.03,0.92,MM
4g9y,3.68,0.73,RB
2uxq,1.6,1.32,MM
3q16,0.54,0.48,MM
4ij6,0.43,0.38,MM
4bo4,3.71,2.09,RB
3ikp,0.94,0.87,MM
2q45,0.29,0.28,MM
1wk2,0.56,0.53,MM
2coi,0.54,1.05,TD
2pce,0.71,1.09,MM
2dxu,1.87,1.75,MM
4cne,0.49,0.47,MM
1y30,1.05,1.4,MM
3oid,3.22,0.7,RB
3r4z,0.29,0.28,MM
3osu,1.14,1.94,TD
2o0o,1.03,1.54,TD
4r2l,1.17,1.35,MM
1v9a,0.37,0.71,MM
2hc9,0.15,0.13,MM
3g3e,1.29,1.48,MM
4r5h,1.42,1.12,MM
1jxa,3.95,1.03,RB
1gq6,0.44,0.64,MM
1yrb,1.42,1.47,MM
3m3h,0.96,1.43,MM
3zkb,1.06,2.04,TD
2fg4,0.52,0.55,MM
2hx0,0.46,0.45,MM
3b4y,0.66,1.84,TD
4mo5,4.01,2.03,RB
1vll,1.26,0.65,RB
2qc8,1.7,1.55,MM
4jcq,5.36,0.79,RB
3bjz,1.9,1.06,RB
1nf9,0.19,0.17,MM
2awo,0.55,2.14,TD
1uux,0.65,0.5,MM
2qbv,0.78,0.67,MM
1jeh,0.62,0.68,MM
3ikh,0.95,1.68,TD
2bzn,0.91,1.48,TD
3rpl,0.35,0.52,MM
3l9x,1.29,1.12,MM
3e4f,0.99,0.84,MM
1mos,0.35,0.34,MM
1v7z,0.71,1.33,TD
3nz2,0.84,1.23,MM
4oy3,1.34,1.33,MM
1w7c,0.2,0.2,MM
3m6x,0.11,0.09,MM
4m8l,0.97,1.06,MM
3atp,2.21,1.26,RB
4ttc,0.81,0.3,RB
2wl9,0.53,0.78,MM
3luf,0.34,0.64,MM
1t2f,0.56,0.93,MM
2yve,1.23,1.2,MM
1mv8,0.5,0.6,MM
3kva,0.35,0.3,MM
4l57,0.45,0.51,MM
3zho,2.05,1.23,RB
2go1,1.48,1.7,MM
4gbu,0.55,0.41,MM
1f23,1.93,2.04,MM
4hps,0.67,0.65,MM
1ppy,0.81,1.52,TD
1onp,2.66,2.19,MM
3kb0,2.82,2.1,RB
2j7t,1.26,0.89,MM
1ng3,0.61,0.6,MM
2iiz,0.46,0.32,MM
2pgd,0.35,0.33,MM
4jn8,0.2,0.18,MM
3oao,1.77,1.52,MM
4nte,0.27,0.84,TD
3acb,0.56,0.7,MM
4wk1,1.08,1.37,MM
1oaa,0.27,0.24,MM
3ah6,1.13,1.23,MM
4btw,0.71,1.08,MM
3tis,0.63,1.09,MM
1w33,2.74,1.63,RB
1j2v,0.66,0.87,MM
2is8,0.17,1.14,TD
3h3z,0.45,0.76,MM
1jyf,1.3,0.8,MM
1sxv,0.75,0.63,MM
3uic,0.73,1.06,MM
2qnv,0.6,0.54,MM
2zig,0.65,1.49,TD
1s2u,0.75,1.1,MM
1r7i,0.32,0.43,MM
4a9t,2.31,1.84,MM
1ydh,0.45,0.67,MM
3duw,1.69,0.41,RB
3e6e,0.53,0.59,MM
2pmt,0.36,0.3,MM
4cju,2.44,2.22,MM
3mp4,0.82,1.2,MM
2epn,0.86,0.85,MM
1ebu,1.2,1.29,MM
4l7z,1.23,1.89,TD
1it7,0.35,0.86,TD
2dw6,0.55,0.83,MM
4k9i,0.18,0.2,MM
2c3c,1.18,1.09,MM
2xrf,1.11,0.89,MM
1dqr,0.65,0.7,MM
4u82,1.18,0.12,RB
4jyc,1.32,1.51,MM
3a4j,0.79,0.62,MM
3ckv,0.72,0.63,MM
2uyn,0.4,0.54,MM
1egh,0.57,0.74,MM
2x0q,0.91,0.78,MM
3nwq,0.39,0.6,MM
1qb8,0.6,0.58,MM
2wc8,2.82,2.19,RB
3bjl,4.07,2.25,RB
2o6f,0.43,0.62,MM
2if0,1.03,1.13,MM
1kek,0.51,0.55,MM
2zl3,0.37,0.4,MM
2wo5,0.8,0.96,MM
4qhs,1.05,1.26,MM
2o9e,0.66,0.64,MM
2dj6,0.42,0.62,MM
2yvx,0.94,1.25,MM
3ak2,0.35,0.45,MM
2f8j,0.96,0.94,MM
2rdu,0.74,0.55,MM
1o92,2.39,1.22,RB
3s27,0.8,1.32,TD
3irh,0.95,1.09,MM
1clk,0.11,0.1,MM
1oe3,1.83,0.67,RB
3awj,0.36,0.4,MM
1bko,0.8,0.83,MM
2ohe,1.07,0.97,MM
3rlz,1.11,0.94,MM
2vu2,0.92,0.78,MM
1rv4,0.87,1.39,TD
4eez,0.25,1.58,TD
2or3,0.59,0.68,MM
1eyb,0.63,0.54,MM
1tlu,0.44,0.57,MM
1dig,0.16,1.49,TD
3pjl,0.24,0.36,MM
3a2q,0.16,0.13,MM
1qy4,0.81,0.91,MM
1z75,0.22,0.19,MM
2rlc,0.68,0.59,MM
3hrk,0.72,0.72,MM
2b3m,0.35,0.4,MM
1xzx,1.04,1.03,MM
1nj5,0.85,0.76,MM
3f72,0.98,2.04,TD
3wfx,3.86,0.59,RB
1nww,0.92,0.82,MM
3tyz,1.07,1.54,MM
1jxn,0.68,0.57,MM
2v9x,0.36,1.33,TD
2gxg,0.57,0.31,MM
1js3,0.33,0.34,MM
1tjo,1.16,0.31,RB
2ywc,0.83,1.52,TD
4bx3,0.45,0.59,MM
2gok,0.26,0.33,MM
2yq5,0.35,1.27,TD
1de5,0.46,0.45,MM
4tm0,0.7,0.64,MM
3vc3,1.95,1.83,MM
4gqu,0.23,0.14,MM
2zcm,1.07,1.41,MM
4myc,0.33,1.03,TD
2rfv,1.01,0.74,MM
3euq,0.36,0.45,MM
2cvz,0.64,1.65,TD
4pgh,0.92,0.95,MM
3tg7,0.35,0.34,MM
2flf,2.19,1.35,RB
3zqp,0.7,0.88,MM
2p3y,1.01,0.99,MM
1v5z,0.32,0.51,MM
3kgw,0.54,0.71,MM
2gna,1.12,0.93,MM
4mqp,0.76,0.87,MM
4jkk,0.79,0.37,MM
3uu3,2.81,2.17,RB
3ntg,1.49,2.16,TD
1la2,1.13,1.18,MM
2yau,0.62,0.66,MM
1nyw,1.16,1.27,MM
2i3g,0.64,0.73,MM
3fd5,0.77,1.28,TD
2v6t,0.6,0.63,MM
1wgb,0.49,0.41,MM
4iz9,1.27,1.04,MM
2z06,0.55,0.37,MM
4aoc,2.08,2.09,MM
2pmb,1.19,1.26,MM
2e5w,0.46,0.84,MM
3f0d,1.18,2.11,TD
3k46,1.12,1.67,TD
3tno,1.32,0.81,RB
3zu0,0.7,0.69,MM
3ugq,1.91,2.04,MM
4o4s,0.49,0.8,MM
1ybv,0.39,0.3,MM
4go7,1.27,1.11,MM
3iiu,0.15,0.14,MM
1wro,2.97,2.05,RB
3p9f,2.35,2.32,MM
1azy,3.18,1.38,RB
2yr4,1.34,1.35,MM
3n55,1.38,2.15,TD
4jmd,0.2,1.89,TD
3o1w,0.43,0.54,MM
4gy7,0.21,0.19,MM
1z1f,0.18,0.18,MM
3kbz,0.84,0.85,MM
1ggy,0.79,1.74,TD
1jpv,0.92,1.62,TD
1ixq,0.89,0.91,MM
1nmp,0.27,0.31,MM
2r5i,0.39,0.35,MM
3haf,1.39,1.26,MM
4q1o,1.04,0.61,MM
4ldr,0.32,0.54,MM
1xb9,0.69,1.86,TD
3q5d,3.42,0.27,RB
3non,0.95,1.02,MM
1qqj,0.58,0.72,MM
4duq,2.9,0.64,RB
4w7i,0.9,0.77,MM
4e85,2.47,1.3,RB
3k6a,0.95,0.89,MM
4l9n,5,2.07,RB
2wct,0.85,1.51,TD
4o47,0.39,0.43,MM
1tdi,0.32,0.47,MM
1vr6,1.7,1.09,RB
3lss,0.25,0.81,TD
3r6k,0.46,0.41,MM
4c3b,0.53,0.92,MM
3qbu,0.27,0.27,MM
4qr2,0.37,0.47,MM
3g3d,0.67,0.62,MM
3qki,0.71,0.88,MM
2iz0,1.85,1.85,MM
1x54,0.42,0.41,MM
1uj2,4.89,1.93,RB
3rbz,0.99,2.27,TD
1jnw,0.95,0.87,MM
4c1p,0.3,0.29,MM
1dos,1.57,1.44,MM
3g50,0.58,0.55,MM
4b4k,0.19,0.16,MM
2q8o,0.34,0.82,MM
1pu2,0.64,0.67,MM
1v82,0.38,0.71,MM
2yzo,0.45,0.53,MM
1ady,1.76,1.48,MM
1cz9,0.54,0.47,MM
1lu9,1.32,0.89,MM
2gce,0.46,0.47,MM
1xco,0.61,0.29,MM
1yp3,1.23,1.85,TD
4kvi,3.38,1.78,RB
1fe0,0.52,0.58,MM
2i5q,0.45,0.45,MM
1e8v,0.3,0.29,MM
4mpl,0.95,1.08,MM
3mau,0.68,0.85,MM
2r26,1.33,1.29,MM
1d7u,0.61,0.45,MM
1og0,1.11,2.24,TD
1llq,0.35,0.38,MM
3i69,0.49,0.71,MM
2e0t,1.74,1.61,MM
3a0c,0.74,0.62,MM
1uh5,1.6,1.86,MM
4n9h,4.02,2.29,RB
4cet,0.59,0.66,MM
1k20,3.52,0.5,RB
1xko,1.61,1.51,MM
3q9e,0.29,0.41,MM
3f79,1.43,2.02,TD
4h19,0.27,0.27,MM
4o1f,0.58,0.59,MM
4rpn,0.31,0.64,MM
4gzq,0.31,0.29,MM
2rab,0.39,1.91,TD
4i8q,0.6,0.49,MM
1trk,0.42,0.42,MM
3jvu,1.64,1.83,MM
3be7,0.46,0.49,MM
1a8j,0.97,1.02,MM
2g9i,0.72,0.7,MM
3wo5,0.23,0.24,MM
1adu,0.46,1.58,TD
1uly,0.33,0.33,MM
1s55,1.04,1.28,MM
3zwq,1.1,0.58,RB
1qhi,1.97,1.89,MM
3smp,1.93,1.39,RB
4bk8,1.14,0.8,MM
4fwj,1.2,1.35,MM
1b3r,3.44,1.69,RB
2nmp,3,1.28,RB
1wb8,0.31,0.24,MM
1wa9,1.5,1.85,MM
4eu4,0.75,0.82,MM
3pvo,1.2,1.33,MM
3rf1,0.43,0.46,MM
2wyi,0.42,0.43,MM
1uxb,2.25,0.74,RB
2a8l,0.8,1.28,MM
2pg8,0.51,0.58,MM
2guc,0.58,0.76,MM
1k95,1.97,1.35,RB
3ah5,0.75,0.65,MM
1vco,2.16,1.33,RB
2cx4,1.08,1.38,MM
3lia,0.41,0.5,MM
4uab,0.2,0.32,MM
1s59,0.28,0.81,TD
2ygb,1.07,1.06,MM
1mxh,1.22,1.29,MM
1xa9,0.75,0.49,MM
3il8,1.19,1.21,MM
3qo7,1.31,1.43,MM
4co2,1.83,1.56,MM
1dje,1.28,1.15,MM
3e6a,0.6,0.68,MM
3csu,1.52,1.64,MM
3usf,0.97,0.88,MM
3mf7,0.93,0.93,MM
1jfz,0.9,1.13,MM
3zdo,1.12,1.12,MM
2wzj,3.4,1.53,RB
4pd0,1.49,1.83,MM
3pvq,0.15,0.2,MM
1do0,5.27,2.18,RB
2vgg,1.28,1.66,MM
3wdk,1.53,1.57,MM
1dxi,0.73,0.88,MM
2j8n,0.7,0.61,MM
4ur3,0.53,0.59,MM
3r6s,2.45,2.17,MM
4bv8,2.12,1.22,RB
2wgl,0.56,0.53,MM
3olq,0.48,1.54,TD
1z4v,0.18,0.12,MM
2yht,2.03,2.24,MM
3syy,1.33,0.43,RB
1h3d,0.45,0.32,MM
3qw2,1.13,1.06,MM
4o6c,1.2,1.09,MM
2o50,0.66,1.79,TD
2r8z,0.69,0.8,MM
1cr6,0.54,0.85,MM
2xmh,0.49,0.91,MM
1xnj,0.37,0.44,MM
3zxi,0.6,0.9,MM
3uq4,1.83,2.27,MM
4l3v,1.27,1.97,TD
3r65,0.52,0.41,MM
3a5r,0.42,0.48,MM
2aur,0.74,1.69,TD
4ky4,1.21,1.27,MM
2ptx,1.28,1.13,MM
1i2k,0.53,0.56,MM
1ul9,1.03,0.56,MM
4ojz,2.27,1.66,RB
4aq2,0.3,0.34,MM
4cbs,0.79,0.82,MM
4chi,0.32,0.3,MM
2fj2,0.64,0.73,MM
2xxj,2.87,2.23,RB
2f67,0.24,0.18,MM
4f2c,1.31,1.71,MM
1dcd,0.31,0.33,MM
1kmy,0.55,0.31,MM
1eno,0.67,0.56,MM
4ks5,0.68,0.66,MM
1o7l,5.07,1.18,RB
2plr,0.42,1.84,TD
3s2q,0.4,0.53,MM
2ow9,1.84,1.12,RB
1ety,1.58,2.05,MM
3iav,0.68,0.84,MM
3eoe,1.71,1.74,MM
2rsp,0.29,0.47,MM
2q7w,2.59,2.07,RB
2a96,0.29,0.43,MM
4xda,3.46,2.14,RB
3bgt,0.19,0.32,MM
3nwu,1.65,2.09,MM
3wkq,0.35,0.35,MM
2arl,0.52,0.4,MM
1k23,1.2,2.1,TD
2iob,2.72,1.99,RB
2i34,0.9,0.47,MM
1ggm,0.46,0.99,TD
3kzf,1.09,1.34,MM
1ltq,1.16,1.72,TD
1q0f,0.35,0.45,MM
3zge,1.62,1.57,MM
1p1m,0.26,0.22,MM
1tuu,0.59,0.69,MM
3ay6,0.58,0.73,MM
2e7j,0.5,0.43,MM
3lgs,0.75,1.1,MM
2z3h,0.67,0.81,MM
3k0c,0.65,1,MM
1wvq,0.37,0.53,MM
2woq,1.62,2.22,TD
3e9i,0.6,0.68,MM
3p32,0.32,0.31,MM
3l1l,1.84,1.6,MM
1yid,1.37,1.36,MM
1h0x,0.92,0.84,MM
1zow,0.43,0.58,MM
4h9v,0.94,1.46,TD
1gun,0.43,0.42,MM
4ldy,2.41,1.62,RB
3dj4,1.58,1.22,MM
3e0l,0.86,0.84,MM
2ztj,1.02,1.04,MM
3lg0,0.69,0.67,MM
3okq,1.28,1.21,MM
4fd3,2.17,1.93,MM
4f36,0.9,1.34,MM
2xat,0.26,0.24,MM
3ej8,0.72,0.69,MM
2w5x,0.29,0.5,MM
4h2h,0.32,0.47,MM
4toh,0.9,0.57,MM
1ie4,0.95,1.45,MM
2ckj,1.24,1.14,MM
1cz3,0.72,0.66,MM
2vt3,0.47,0.5,MM
2zn9,2.14,1.21,RB
2q8h,0.62,0.66,MM
3ohu,0.31,1.5,TD
1xbw,1.16,1.53,MM
1f7t,1.33,1.19,MM
3bn1,0.56,0.52,MM
3h74,0.23,0.21,MM
4m08,0.84,0.89,MM
4ldp,0.48,1.71,TD
4c81,0.4,0.34,MM
3wxy,0.41,1.02,TD
3qh2,0.46,1.74,TD
4h6d,1.03,1.54,TD
2y0f,1.85,1.33,RB
1g1a,1.43,1.28,MM
2psr,0.85,0.84,MM
1kep,0.47,0.42,MM
4o5o,0.7,0.96,MM
2we5,1.52,2.17,TD
2zt6,2.34,2.14,MM
2no4,0.49,0.59,MM
2xh7,2.07,2.05,MM
4evy,1.05,1.05,MM
4h0u,0.59,0.65,MM
4fc0,1.62,1.49,MM
1lrk,0.95,0.88,MM
3pqk,2.46,0.27,RB
1dqs,3.54,1.97,RB
11as,0.33,0.49,MM
4nfw,0.58,1.12,TD
3gr8,1,0.39,RB
1fez,2.09,2.18,MM
2i7c,0.88,0.84,MM
2efo,0.88,0.84,MM
2jbt,0.33,0.29,MM
2jg1,3.23,1.81,RB
4iss,0.41,0.74,MM
4e5k,1.71,2.22,TD
4b7a,0.76,1.29,TD
2b2f,0.19,0.18,MM
1mka,0.33,0.37,MM
4ojv,0.27,0.25,MM
3s7e,1.29,2,TD
1cw3,1,1.47,MM
3a15,1.01,0.94,MM
1mx3,0.57,0.48,MM
2czd,1.58,1.34,MM
4fe4,2.49,1.61,RB
3i4b,2.01,2.03,MM
1e0k,1.74,1.09,RB
3c3s,0.83,0.68,MM
1i45,1.2,1.18,MM
2i54,0.85,0.59,MM
3wb9,2.58,2.04,RB
3ngl,0.3,0.45,MM
2wn3,0.42,0.42,MM
2cea,2.3,1.78,RB
1dbq,0.46,1.27,TD
3q1k,1.04,1.42,MM
3cz2,0.24,1.02,TD
1ysd,0.49,0.58,MM
3fj5,0.22,0.21,MM
3nnm,0.15,0.14,MM
3q0k,3.07,1.96,RB
2xkp,1,0.89,MM
3tzl,1.3,1.65,MM
1ub3,0.41,0.47,MM
4r7w,0.48,0.62,MM
1nxu,1,1.52,TD
3l9e,0.52,0.52,MM
1mpr,0.12,0.15,MM
2uxw,0.16,0.12,MM
2yvo,0.31,0.26,MM
4s24,0.73,0.89,MM
3lj1,1.5,1.41,MM
1cl1,0.42,0.34,MM
1sq6,0.62,0.59,MM
1inl,0.14,1.3,TD
3hf5,0.25,0.62,MM
1dea,4.57,1.19,RB
3gdt,2.34,1.3,RB
4mis,0.86,1.17,MM
3nsp,2.16,1.7,MM
1z4a,0.53,0.53,MM
2pnf,0.15,0.28,MM
3nyo,0.38,0.47,MM
2gh1,0.27,0.25,MM
4tm5,0.95,1.09,MM
4rww,1.28,1.61,MM
3pym,0.66,0.48,MM
4b7n,0.6,0.54,MM
3rbl,0.47,1.76,TD
1w8d,0.51,1.96,TD
3t4c,1.28,2,TD
4q32,0.77,1.75,TD
1dhs,0.4,0.38,MM
4hgd,1.3,1.48,MM
2plj,0.44,0.99,TD
1hl7,0.08,0.23,MM
3ahd,0.18,0.18,MM
1u7h,0.08,0.23,MM
3ih3,4.72,2.11,RB
1ryd,0.34,0.27,MM
3zez,1,1,MM
4b5d,0.5,0.62,MM
1s60,0.94,0.66,MM
3b8t,0.22,0.69,MM
1lay,1.52,1.9,MM
2y0q,0.67,1.08,MM
1pl6,0.36,0.33,MM
1kbv,0.28,0.31,MM
2byl,0.49,0.51,MM
3wid,0.56,0.69,MM
2a30,0.45,0.47,MM
3n0y,1.25,1.2,MM
3m4p,0.7,2.05,TD
4f8t,3.26,1.63,RB
4q3f,0.35,0.36,MM
3cyq,0.69,1.97,TD
1gqc,0.96,1.13,MM
2ihp,1.39,1.98,TD
3ijr,0.42,0.44,MM
2zod,1.14,0.94,MM
3gak,0.98,1.82,TD
1fnz,0.12,0.11,MM
1xe8,0.67,0.76,MM
1usq,1.58,2.28,TD
4jjx,1.25,1.3,MM
3mbf,0.39,0.24,MM
1mb4,0.61,0.62,MM
4jhc,0.69,1.23,TD
3apn,1.71,1.7,MM
1j7u,0.83,0.98,MM
1ci7,0.77,0.74,MM
1t8q,0.56,0.48,MM
2bm4,1.73,0.77,RB
1ohv,0.33,0.38,MM
1yoe,0.39,0.31,MM
3o6r,1.43,1.48,MM
4up7,2.41,1.8,RB
1olo,3.28,0.86,RB
1dpr,1.55,1.54,MM
4oe4,0.3,0.32,MM
3h9e,0.36,0.42,MM
4k6c,0.44,0.54,MM
2e0k,0.62,1.42,TD
4wib,0.48,0.85,MM
3wlf,1.31,1.65,MM
4ea7,0.21,0.17,MM
4i46,1.61,0.53,RB
4wa1,0.29,1.04,TD
3gma,0.76,0.64,MM
4lhd,0.7,0.69,MM
1lam,0.81,0.51,MM
4c2h,0.76,0.97,MM
2wqi,0.83,1.09,MM
4aou,3.68,1.66,RB
3e3a,0.85,0.69,MM
4njz,0.51,0.75,MM
3mhu,0.7,0.84,MM
4j7j,1.13,1.3,MM
4dad,1.42,0.99,MM
3q7l,0.59,1.3,TD
3k73,1.55,2.03,MM
1un8,0.39,0.38,MM
2g3f,0.19,0.45,MM
4i7h,1.55,1.61,MM
1ve9,0.71,0.56,MM
2ix6,0.58,0.46,MM
4r5j,2.58,1.8,RB
2exj,0.32,0.44,MM
2p69,1.38,1.25,MM
1smt,1.33,1.47,MM
1w0i,0.21,0.33,MM
3t9w,0.48,0.52,MM
3sqm,0.69,0.67,MM
2q3a,0.97,0.92,MM
4al1,0.17,0.16,MM
3fmi,0.31,0.73,MM
2aag,0.44,0.4,MM
2cvp,0.64,0.71,MM
3qtt,0.58,0.63,MM
3qod,2.72,1.61,RB
2pam,0.3,0.8,MM
2hvg,0.72,1.75,TD
1wz7,1.16,1.38,MM
4qck,0.42,0.39,MM
1ilv,0.48,0.67,MM
4jp5,1.19,1.04,MM
3zjb,1.02,1.44,MM
1pok,1.75,1.85,MM
4rif,2.42,1.57,RB
1wxi,0.86,0.84,MM
3ksf,1.76,1.51,MM
1dch,0.82,0.77,MM
1nir,3.02,1.85,RB
3wme,0.45,0.43,MM
3it2,0.42,1.03,TD
3w5j,1.21,1.71,MM
2f0x,0.58,0.91,MM
2ewm,0.56,1.66,TD
3aac,0.89,0.64,MM
2zu9,0.91,2.14,TD
3iaq,0.91,1.53,TD
3qfn,0.29,0.53,MM
1wab,0.42,0.23,MM
2imo,4.93,0.82,RB
4gik,1.66,2.41,TD
3typ,0.4,1.58,TD
2xn0,0.39,0.4,MM
4c7x,0.29,0.26,MM
1npp,1.5,2.14,TD
1e5e,0.16,0.38,MM
2onj,0.11,0.48,MM
2jeo,0.37,0.35,MM
1yfx,1.11,1.17,MM
2o9a,0.21,1.55,TD
1ff5,3.33,1.94,RB
1pt7,0.83,0.91,MM
3iqw,0.52,0.7,MM
3uay,1.17,0.79,MM
2qwf,1.12,0.78,MM
3hij,0.61,0.36,MM
3ko0,1.01,1.57,TD
3qhs,0.5,1.1,TD
3zog,0.22,0.22,MM
2dcn,0.49,0.45,MM
3kru,0.26,1.28,TD
1g8l,2.98,2.31,RB
3aqt,1.38,1.2,MM
1iyd,0.68,0.61,MM
2fhk,0.47,0.49,MM
1pvy,0.11,0.8,TD
1jpr,0.77,0.8,MM
2amf,0.34,0.56,MM
2ofw,0.57,2.16,TD
4fwd,0.77,0.75,MM
4kql,2.1,1.68,MM
2o78,0.39,0.41,MM
1hj5,1.43,1.84,MM
3zvh,0.49,0.57,MM
1ml6,0.64,0.63,MM
1u5h,0.31,0.29,MM
1xll,0.39,0.44,MM
4ur7,0.34,0.44,MM
3rk1,1.33,1.22,MM
2qr5,5.15,1.67,RB
1vst,2.68,1.58,RB
2y7d,0.99,1.15,MM
1e12,0.53,0.44,MM
3vgg,0.41,0.39,MM
5daa,0.65,0.55,MM
2i2f,1.33,0.74,RB
2rhb,1.19,0.75,MM
4rqb,1.56,0.73,RB
1tv4,0.22,0.17,MM
1sxg,1.24,1.23,MM
1a4z,0.16,0.18,MM
3vfl,0.39,0.37,MM
1fof,0.88,0.97,MM
3mak,0.25,0.19,MM
1nyr,1.14,1.89,TD
3iuv,2.73,2.07,RB
1tee,0.28,0.37,MM
1g5t,1.07,1.12,MM
3n3d,1.55,1.39,MM
3dja,1.67,1.78,MM
4rlp,1.05,1.21,MM
1guk,0.49,0.65,MM
4pty,1.29,0.75,RB
4bqi,0.44,0.43,MM
4gme,0.15,0.17,MM
3wmc,0.3,0.26,MM
4na3,1.1,1.35,MM
1vel,1.08,1.19,MM
1p4r,0.92,1.12,MM
2r52,0.47,1.84,TD
4fua,0.79,0.69,MM
2cna,1.37,1.19,MM
1c9k,1.38,1.11,MM
3cye,0.55,0.57,MM
3ju6,0.61,1.73,TD
2bwo,0.63,0.86,MM
4feg,0.77,0.8,MM
2hln,1.24,1.08,MM
2ggo,0.45,0.41,MM
1wl4,0.19,0.18,MM
4lui,1.47,1.17,MM
3gxo,1.12,1.29,MM
1do8,2.62,1.63,RB
2ohv,1.7,2.08,MM
4air,1.12,1.21,MM
2q7m,1.39,1.95,TD
2cf4,0.75,0.74,MM
1tbj,1.16,0.53,RB
3hgx,0.69,0.64,MM
2w3f,0.73,1.29,TD
2zb6,0.95,0.91,MM
4lcj,0.34,0.41,MM
3l2k,0.85,0.81,MM
1qgd,0.43,0.45,MM
2gc9,0.81,0.71,MM
2af6,1.18,1.57,MM
4l7s,4.17,2.01,RB
4mz9,1.79,2.08,MM
1rcc,0.61,0.28,MM
1x14,1.04,1.86,TD
3keq,2.68,2.03,RB
3ryo,0.93,0.8,MM
2fwb,0.45,0.51,MM
1pv2,0.46,2.11,TD
3n6j,0.54,0.67,MM
3hnq,0.45,0.56,MM
2x60,2.63,2.08,RB
1j1z,0.46,0.74,MM
3b8j,1.86,1.94,MM
4k0j,1.42,1.68,MM
3qwa,2.94,2.1,RB
4ahq,0.55,1.63,TD
3bic,3.36,1.88,RB
1f9q,1.19,1.47,MM
4ep1,2.43,1.13,RB
1wow,0.41,0.49,MM
2g6y,0.54,0.48,MM
4it9,0.43,0.29,MM
4f23,0.21,0.46,MM
4lus,0.55,1.15,TD
2dkh,0.19,0.18,MM
4l4j,1.89,1.74,MM
4ush,0.47,1.62,TD
4x05,0.58,0.6,MM
4c65,1.3,0.75,RB
3r1b,2.76,1.96,RB
3c0o,1.72,2.24,TD
2z76,1.1,1.14,MM
4esh,1.25,1.76,TD
3ozv,3.28,0.67,RB
1iax,0.79,0.62,MM
4p7v,0.94,1.99,TD
3eca,0.82,1.12,MM
3bcx,0.24,0.86,TD
3a9y,0.81,0.95,MM
3aiq,0.24,0.17,MM
3dvt,0.78,1.24,MM
3nxd,0.21,1.13,TD
3cge,0.36,0.37,MM
3ddn,1.48,0.48,RB
4ou2,0.41,0.45,MM
1p9n,1.34,1.28,MM
4dar,1.11,1.65,TD
3igu,0.34,0.35,MM
2p2g,0.95,0.89,MM
1lgq,2.33,2.22,MM
4bg9,0.87,0.89,MM
1fpf,3.38,1.72,RB
3qmw,1.29,1.44,MM
4poo,0.94,0.71,MM
1q5h,0.19,0.86,TD
2hzl,1.31,1.37,MM
1xbf,0.4,0.43,MM
2dza,0.51,0.91,MM
1a4b,0.77,0.78,MM
2xul,1.87,1.43,MM
3vp6,0.62,0.73,MM
3epn,0.62,0.59,MM
1btm,0.29,0.46,MM
2j6r,0.66,0.62,MM
2wkx,0.31,0.29,MM
4ij1,3.27,2.28,RB
3o9o,1.79,1.16,RB
1ual,1.83,2,MM
3wjq,1.47,0.92,RB
1mj3,1.23,0.63,RB
3o6z,1.02,1.28,MM
1nf7,1.57,0.43,RB
2f7n,0.38,0.35,MM
1s80,2.42,0.96,RB
1vhw,0.84,1.63,TD
2xtw,2.79,0.68,RB
4hpv,1.75,1.11,RB
3v4w,0.65,0.59,MM
4esw,0.22,0.55,MM
3uxl,0.82,0.92,MM
2ztw,4.87,2.28,RB
4uqv,1.5,1.86,MM
1kzh,0.88,1.89,TD
2v6k,0.27,0.27,MM
2vvh,0.79,0.68,MM
4mf5,0.21,0.2,MM
4q0i,0.86,0.53,MM
3haz,0.68,0.95,MM
1oo6,0.58,0.63,MM
2h2b,1.18,0.12,RB
3gpm,1.77,1.21,RB
1pvg,1.15,0.67,MM
3mn1,0.39,0.68,MM
4ooa,0.58,0.68,MM
2gsq,0.36,0.35,MM
3afp,1.48,1.43,MM
1op8,0.83,0.72,MM
2p04,1.09,1.09,MM
1eua,0.84,0.78,MM
1fxu,1.41,1.48,MM
1og6,1.08,1.07,MM
1ecx,0.24,1.34,TD
4wp7,0.23,0.22,MM
3obb,0.75,0.65,MM
4dal,0.52,0.54,MM
2muc,0.62,0.39,MM
3czm,0.76,0.8,MM
1gqt,4.22,1.33,RB
4mtq,0.83,1.46,TD
2azt,0.34,0.43,MM
2dtd,1.46,0.79,RB
4e3c,3.72,1.95,RB
1gvi,0.64,0.53,MM
1fwl,1.2,1.04,MM
2ris,0.31,0.44,MM
3gzc,0.79,0.58,MM
4wa4,0.38,0.32,MM
3cg8,0.44,0.46,MM
2z3b,0.83,0.68,MM
4hfn,0.98,1.27,MM
3ht2,0.31,0.25,MM
4ls5,0.43,0.57,MM
4cno,0.87,0.79,MM
1z8h,0.71,0.69,MM
4ot8,1.97,0.78,RB
4l35,0.47,0.45,MM
4nji,0.26,0.27,MM
3wjn,0.38,1.59,TD
4f1i,0.29,0.27,MM
2xz7,0.5,0.46,MM
1k9x,0.83,0.73,MM
4fkz,4.38,1.08,RB
4rp9,1.32,1.66,MM
4mza,1.5,0.91,RB
4dyy,1.46,0.46,RB
4bol,0.88,0.94,MM
4iiy,0.27,0.31,MM
1wm6,0.53,0.66,MM
1yqc,1.13,1.06,MM
1g58,0.75,1.47,TD
2aql,0.67,1.04,MM
4j75,1.4,1.28,MM
3m21,0.71,0.82,MM
3wg1,1.35,1.45,MM
2yva,0.48,0.42,MM
2ou4,0.57,0.49,MM
3s2z,0.33,0.32,MM
4q76,0.14,0.19,MM
1hzj,2.46,1.82,RB
1dj8,0.91,1.26,MM
4ie1,2.28,0.54,RB
2aa3,0.26,1.09,TD
1v9y,0.56,0.75,MM
4em1,2.55,1.29,RB
2du2,1.07,1.23,MM
3n6w,1.59,1.21,MM
1o61,0.38,0.52,MM
4o5u,1.36,0.72,RB
3iw3,0.43,0.39,MM
3qmu,3.86,2.06,RB
3lqf,1.14,1.51,MM
1tlb,1.67,0.88,RB
1tyo,2.3,1.87,MM
3rq6,0.34,0.31,MM
3pno,0.58,0.71,MM
2f5d,1.55,1.86,MM
3re5,0.88,0.79,MM
4e5o,0.85,0.85,MM
4df1,0.73,0.71,MM
3lw3,0.43,0.43,MM
3nrp,0.57,1.8,TD
3tn7,0.28,0.27,MM
1ufy,0.72,0.73,MM
3u9b,0.82,0.97,MM
1nnr,0.56,0.54,MM
2y84,2.28,2.13,MM
1hfw,0.83,0.89,MM
3ai2,0.32,0.42,MM
1y5r,0.49,0.31,MM
1sz7,2.29,2.28,MM
4l5b,2.18,2.13,MM
3t4l,0.22,1.07,TD
3hsh,0.72,0.75,MM
1nsf,0.33,0.31,MM
3hsq,0.49,0.83,MM
1vk6,3.37,2.21,RB
4apb,2.53,2.34,MM
3pnb,1.08,1.17,MM
4gss,0.84,0.73,MM
4l4y,0.53,0.54,MM
2r6o,0.69,1.08,MM
4kya,0.23,1.2,TD
2f5g,0.53,0.81,MM
4f2d,0.72,0.66,MM
1b08,1.38,1.11,MM
1vgv,1.01,2.05,TD
4blc,0.61,0.5,MM
4hmw,0.14,0.64,MM
1wld,0.47,0.32,MM
3b6a,1.19,1.37,MM
3ub6,0.11,0.32,MM
2jf3,0.64,0.42,MM
1pjs,0.44,0.46,MM
4bgi,1.82,2.01,MM
1ad1,0.73,0.74,MM
1wc1,1.9,2.14,MM
1k89,3.12,2.14,RB
1d9q,1.01,1.47,MM
1fit,1.11,1.52,MM
3w8z,0.44,0.5,MM
1rqj,1.39,1.19,MM
3ztq,0.8,0.6,MM
3e2y,0.55,0.63,MM
3vvm,0.21,1.21,TD
2c9b,0.94,0.66,MM
3ndc,0.93,1.06,MM
3r2o,0.5,0.38,MM
2q08,0.4,0.54,MM
1mc5,0.97,0.85,MM
3hgg,0.82,0.79,MM
2cfa,0.91,1.14,MM
2pa3,8.11,1.83,RB
1n0e,1.38,0.59,RB
1tcz,0.34,0.38,MM
4g2r,1.44,1.66,MM
2ie7,0.12,0.12,MM
1obp,0.42,0.85,MM
2a33,0.45,0.57,MM
2eky,0.49,0.96,MM
1f33,0.47,0.7,MM
1u0w,1.99,2.01,MM
4oo4,0.94,0.49,MM
3nfz,0.44,0.35,MM
4nl5,1.18,1.18,MM
4bmk,3.45,1.26,RB
2huu,0.2,0.28,MM
2c5e,0.36,0.5,MM
4ljk,1.01,0.71,MM
1td4,0.64,0.6,MM
1wm9,0.3,0.29,MM
3n3m,1.87,2.14,MM
1lrh,0.45,0.64,MM
1e3s,0.56,1.7,TD
4ekw,1.25,1.44,MM
4ew1,0.96,1.63,TD
3fms,2.45,0.36,RB
3bm2,1.86,1.75,MM
1fro,0.89,0.79,MM
4gnz,0.82,0.73,MM
1dpd,0.35,0.24,MM
3q1e,0.65,0.61,MM
1pgg,0.65,0.62,MM
3enn,0.53,0.56,MM
2yhk,2.46,2.12,MM
2bys,1.45,2.31,TD
1qsj,0.58,0.35,MM
3u9e,0.89,0.73,MM
1caq,0.71,0.67,MM
2fen,0.37,1.76,TD
1p0k,0.58,0.46,MM
1pjb,0.58,0.61,MM
1gyx,0.65,0.71,MM
3zpg,1.55,0.89,RB
2htv,0.53,0.6,MM
3otf,2.18,1.36,RB
1g88,0.62,0.75,MM
4ir0,0.32,0.46,MM
2j6y,0.81,0.97,MM
2dq4,0.27,0.45,MM
3gvh,0.58,0.68,MM
1n3t,1.18,1.7,TD
1o29,1.22,2.1,TD
2iuf,0.24,0.24,MM
4a0u,0.83,1.11,MM
3khj,0.87,1.52,TD
2f8h,0.13,0.12,MM
3iqm,1.1,1.02,MM
4qii,0.82,1.55,TD
3ty3,0.49,0.9,MM
3qvj,0.35,0.34,MM
3qt6,0.65,1.32,TD
1idq,0.29,0.29,MM
4gx5,1.59,1.88,MM
2vhh,0.83,1.41,TD
4cla,0.44,0.41,MM
2zuu,0.87,1.24,MM
1vf4,0.37,0.38,MM
4ia5,0.9,0.65,MM
3ohr,0.31,0.27,MM
3t2f,0.95,0.83,MM
3tdp,0.55,0.59,MM
2bzv,0.15,0.12,MM
1guq,0.74,0.91,MM
3gac,2.07,1.72,MM
1ww8,0.52,0.45,MM
2jah,0.2,0.22,MM
4j5n,1.31,0.57,RB
3ehk,0.76,1.46,TD
1wkh,0.33,0.35,MM
3mk6,3.4,1.26,RB
3lzc,0.39,0.68,MM
4ov4,0.8,0.68,MM
4ebk,0.52,0.46,MM
3mk3,0.43,0.32,MM
4o6n,0.55,0.95,MM
2xi8,0.35,0.75,MM
4o52,0.87,0.52,MM
2psn,0.26,0.26,MM
1xds,4.36,1.36,RB
2aob,1.01,1.22,MM
1o64,0.48,0.8,MM
1x3e,1.13,1.47,MM
3kot,0.26,0.24,MM
2qcb,0.99,0.96,MM
1umg,0.72,0.67,MM
2fr6,0.39,0.76,MM
3fr7,1.63,1.69,MM
2b98,0.37,0.71,MM
4o8l,1.63,2.06,MM
4rjt,5.37,2.25,RB
4boy,0.1,0.22,MM
1fg7,0.46,0.42,MM
4j0f,2.59,1.72,RB
3ah4,0.54,0.63,MM
2ibu,0.71,0.86,MM
3qsi,2.35,1.37,RB
1x8c,0.54,0.92,MM
3ehw,0.63,0.58,MM
3b5t,0.42,0.78,MM
1key,3.89,1.77,RB
1et7,0.49,0.61,MM
3c3e,1.17,1.07,MM
4cr7,0.58,1.38,TD
3o6v,1.15,1.62,MM
2dws,0.64,0.62,MM
3te7,1.13,2.02,TD
4izw,1.07,1.05,MM
1sj5,0.46,0.61,MM
2yb0,1.16,0.99,MM
2imp,0.75,0.6,MM
3daq,0.47,0.37,MM
4ipn,0.26,0.42,MM
2d4p,1.53,1.08,MM
2pd3,0.28,0.3,MM
2qdh,0.56,0.49,MM
1qma,1.29,1.65,MM
4b9b,0.23,0.28,MM
2nsn,0.87,0.59,MM
3ho7,1.89,1.92,MM
4iqd,0.5,0.51,MM
3w6z,0.68,0.5,MM
1j2g,0.31,0.41,MM
1ao0,0.77,0.62,MM
3uh4,0.25,0.45,MM
2e5f,0.23,0.23,MM
3por,0.97,0.8,MM
4pxq,1.3,0.9,MM
3edd,0.63,0.58,MM
4b0h,0.93,1.57,TD
4gir,0.32,0.41,MM
2o6t,0.61,1.17,TD
4rkd,0.73,0.81,MM
1hw3,2.28,2.17,MM
4jbh,1.03,1.82,TD
1c6y,0.61,0.69,MM
2xy3,0.77,0.95,MM
3a9q,0.27,0.46,MM
4ddz,1.22,1.18,MM
1v5f,0.56,0.54,MM
3jyq,0.7,0.48,MM
2yf4,1.4,2.24,TD
1b9h,0.32,0.21,MM
2dp5,0.72,0.71,MM
2ewt,2.19,0.5,RB
1k9t,0.65,0.39,MM
3a1i,0.19,0.19,MM
4kdf,0.56,0.59,MM
2isj,0.5,0.83,MM
1s2g,0.5,0.97,MM
1zp3,0.74,0.75,MM
3gbt,1.67,0.73,RB
4rqu,1.07,0.97,MM
3lf1,0.74,1.07,MM
1y0b,1.12,1.21,MM
4mea,0.13,0.56,MM
2him,4.5,2.01,RB
4q9m,0.53,0.43,MM
1j3q,0.4,0.5,MM
3f6f,0.46,0.27,MM
4e6t,0.73,0.64,MM
3zst,0.81,0.84,MM
1jls,0.52,0.58,MM
4lni,2.05,2.2,MM
3a06,0.41,0.48,MM
4py9,0.48,0.45,MM
3dxw,0.31,0.48,MM
1dfo,1.62,1.39,MM
2bjy,0.81,0.58,MM
3nvt,0.87,1.07,MM
4fdl,1.36,1.46,MM
2jb1,0.17,0.37,MM
1r0l,0.55,1.08,TD
4mlr,1.56,0.62,RB
4o0e,0.95,1.9,TD
1aie,0.63,0.6,MM
3fsl,1,1.07,MM
3rba,1.15,1.96,TD
3ct2,0.45,0.38,MM
2ns7,1.97,1.33,RB
1rzp,0.81,0.91,MM
2eb6,0.75,2.05,TD
3tb4,0.2,0.19,MM
3fsx,0.39,0.61,MM
2f6q,0.6,0.95,MM
2ex8,0.67,0.66,MM
4d3i,1.24,1.29,MM
4jel,0.81,0.44,MM
3vs9,0.35,1.27,TD
1gp9,1.68,2.05,MM
1jhc,0.96,0.36,RB
2qld,1.18,1.08,MM
2ixi,1.04,1.09,MM
3uce,0.49,0.52,MM
3wjd,1.04,0.78,MM
1e0t,0.77,1.16,MM
3i4y,0.71,0.5,MM
4bwk,1.36,1.29,MM
2yvk,0.63,0.59,MM
2beh,1.42,2.04,TD
3ond,0.31,0.7,MM
1guz,0.87,0.66,MM
4fcj,1.3,0.84,MM
3oib,0.16,0.29,MM
3e1l,0.82,0.38,MM
4gun,0.46,0.43,MM
2i0g,2.36,2,MM
2f9a,0.82,0.73,MM
4mj1,0.31,0.92,TD
2peo,0.93,0.85,MM
2vcq,0.92,1.55,TD
2boi,0.12,0.18,MM
1pk8,0.7,0.61,MM
2ybd,0.36,0.19,MM
1i30,0.94,1.7,TD
4i7v,0.33,0.38,MM
3bwr,0.43,1.28,TD
3ooc,0.81,0.86,MM
3itm,1.05,0.73,MM
3kak,1.92,1.57,MM
3rl6,0.41,0.44,MM
4n69,0.53,1.81,TD
4e3x,0.78,0.36,MM
4ofs,0.59,0.93,MM
4alk,1.22,1.83,TD
2a7k,0.8,1.21,MM
4dmf,0.37,0.54,MM
3jdw,0.82,0.84,MM
4lp2,1.34,1.06,MM
4fc6,0.18,0.27,MM
3wfj,3.52,1.65,RB
3agf,1.14,1.42,MM
4fnf,1.01,1.61,TD
4dbh,1.02,0.99,MM
1t6p,0.98,1.85,TD
2ea7,0.76,0.84,MM
3ees,0.94,0.98,MM
2q3d,1.53,1.53,MM
3w3j,5.27,1.78,RB
3mpw,1.05,1.26,MM
4f5d,4.17,1.97,RB
2wds,2.28,1.37,RB
2b4r,0.48,0.55,MM
2yna,0.37,0.68,MM
1nlk,0.35,0.41,MM
1lxi,0.5,0.47,MM
3guf,0.67,0.85,MM
4pd8,1.67,0.22,RB
2xt4,2.77,1.03,RB
2nva,0.5,1.93,TD
4ini,0.31,1.28,TD
3jyh,0.34,0.42,MM
1xcc,0.18,0.33,MM
3ird,0.64,0.39,MM
1jkv,0.29,0.34,MM
3ozg,0.53,0.6,MM
2ecu,0.22,0.52,MM
4o98,0.55,0.55,MM
3ak4,0.42,0.61,MM
2oel,0.85,0.77,MM
3sh1,0.51,0.57,MM
4r5f,0.19,0.17,MM
1ozg,1.16,1.33,MM
1uwt,0.57,0.72,MM
3p13,0.65,0.75,MM
1w8s,0.5,0.55,MM
4ik3,2.96,2.19,RB
4cnu,0.49,0.39,MM
3slz,0.33,1.05,TD
4trc,0.89,0.85,MM
1h9g,2.13,1.66,MM
4c5b,0.5,0.46,MM
4fw8,0.78,1.11,MM
1udq,0.31,0.27,MM
1xi0,0.48,0.36,MM
3g77,1.39,1.16,MM
1xn4,0.29,0.28,MM
2iwy,0.49,0.53,MM
1gwf,0.28,0.19,MM
1gyp,1.06,0.8,MM
4u2a,0.24,0.13,MM
3t8l,0.58,0.72,MM
2aw9,0.43,1.62,TD
4c1l,0.31,0.35,MM
2efr,2.15,2.24,MM
4o1g,1.55,1.03,RB
1hn9,0.85,0.74,MM
1mvq,0.84,0.85,MM
1ipk,0.8,1.07,MM
4imf,0.42,0.3,MM
1znq,0.95,0.8,MM
3ve7,0.9,0.89,MM
2cvj,0.58,0.77,MM
1u6z,1.48,1.14,MM
1wq3,0.91,0.63,MM
1qpr,0.71,0.76,MM
3w7e,0.81,0.81,MM
2hvw,1.82,1.58,MM
4p30,1.06,0.88,MM
2yyk,0.86,0.69,MM
1uim,2.26,2.45,MM
3hdp,0.45,0.43,MM
1tw2,1.07,1.38,MM
4gi7,0.97,1.35,MM
3ox4,0.3,0.9,TD
3m9y,1.1,0.97,MM
4ggj,0.27,0.27,MM
1ud1,0.33,0.5,MM
3baz,0.69,0.6,MM
2hqc,2.43,2.3,MM
1qgn,0.41,0.4,MM
1crw,1.22,1.08,MM
2ho5,0.74,0.84,MM
3zii,0.83,0.82,MM
1gfm,2.18,0.98,RB
2iw2,0.23,0.45,MM
3d6t,1.25,1.16,MM
2oge,0.43,0.47,MM
4gpn,0.45,0.35,MM
1tu7,0.34,0.45,MM
4ekn,1.07,1.13,MM
4k7x,3.27,0.32,RB
2wll,1.9,1.5,MM
1iyk,1.95,1.42,RB
1zkq,0.55,0.49,MM
3tfi,0.26,0.51,MM
2v32,0.39,0.71,MM
3n4g,0.92,1.05,MM
3ekg,0.44,0.49,MM
3i98,1.56,1.87,MM
4h37,0.73,0.62,MM
4min,0.36,1.71,TD
3q0j,0.61,0.77,MM
3h49,1.71,1.16,RB
2af3,1.2,1.09,MM
4jao,0.56,0.64,MM
2zr2,0.53,1.08,TD
2toh,0.21,0.17,MM
3h4v,1.51,1.81,MM
1qlw,0.44,0.52,MM
3cm3,0.17,0.16,MM
3c2v,1.4,0.99,MM
1ee9,0.34,0.33,MM
1f7k,1.37,1.28,MM
4c44,0.31,0.29,MM
3a4l,0.96,1.92,TD
1zk7,0.58,0.49,MM
1e3l,0.82,0.8,MM
1g0s,0.93,1.36,MM
3sr2,1.18,1.67,MM
2r0n,0.47,0.36,MM
3hvv,1.92,1.85,MM
4dlk,0.6,1.03,MM
2ei3,0.53,0.51,MM
2yw3,0.65,0.59,MM
3nuk,0.87,1.28,MM
3wgb,1.29,1.63,MM
2uz3,0.54,0.71,MM
4elx,1.02,2.22,TD
4i6s,0.94,0.92,MM
2yzc,0.3,0.38,MM
1mq7,0.97,1.09,MM
1y55,0.43,0.36,MM
3aep,0.24,0.33,MM
3n1t,0.67,1.24,TD
1jij,0.81,0.75,MM
2oap,0.32,0.26,MM
3dod,0.39,0.35,MM
1qh9,0.7,0.62,MM
2a8f,0.92,0.52,MM
4okq,0.24,0.55,MM
1w1z,0.35,0.33,MM
1woh,0.17,0.27,MM
3zv6,0.86,1.95,TD
3syc,2.05,1.94,MM
1xyg,0.35,0.6,MM
1g97,1.52,1.43,MM
2y30,1.93,1.67,MM
3d8x,1.61,1.77,MM
2g4j,1.01,0.43,RB
3gzh,1.13,1.3,MM
4ajk,0.54,1.01,MM
3ij4,1.99,1.81,MM
4fbk,0.59,1.26,TD
1omx,0.85,1.5,TD
1ekr,0.86,0.82,MM
3nev,0.19,0.17,MM
3ozc,0.88,1.05,MM
2tmg,0.56,0.58,MM
1r0v,0.81,0.83,MM
4pnu,1.63,1.94,MM
4cnf,0.77,1.06,MM
4kgi,0.54,0.59,MM
3fvx,0.58,0.62,MM
1kq5,0.48,0.48,MM
4gqx,0.74,0.82,MM
3h3j,0.79,1.02,MM
4g2t,0.67,0.64,MM
4mc7,2.73,0.82,RB
2yjv,0.41,1.72,TD
3lgg,0.21,0.29,MM
3lio,0.38,0.4,MM
3k6m,1.66,2.2,TD
2egr,0.55,1.87,TD
4cf5,0.77,0.82,MM
3i6u,1.13,1.81,TD
1uj6,0.14,0.14,MM
1z01,0.95,0.96,MM
4qqk,0.29,0.25,MM
1r6y,0.26,0.25,MM
2qfr,0.36,0.3,MM
3kbo,2.86,0.94,RB
2ol1,1.18,1.07,MM
3wf4,0.47,0.48,MM
4d1j,0.41,0.34,MM
3jyl,0.48,0.45,MM
3bcb,0.18,0.16,MM
1rr9,1.09,1.14,MM
4ixv,0.2,0.27,MM
2pkr,1.62,0.79,RB
1q3r,0.52,0.32,MM
4g09,0.3,0.25,MM
3wgq,0.54,2.24,TD
1rfb,2.88,1.24,RB
3kbx,1.15,1.98,TD
3zoj,0.58,2.08,TD
2yyt,0.85,0.84,MM
2ggh,0.34,1.06,TD
3oy7,0.52,0.82,MM
4fdz,0.32,1.04,TD
5upj,1,1.16,MM
3nip,0.47,0.39,MM
1bjn,0.29,0.29,MM
2pii,0.32,0.32,MM
3oi9,1.84,0.17,RB
3oe4,0.25,0.24,MM
1bro,0.36,0.34,MM
3al6,0.47,1.69,TD
1dc3,1.28,0.69,RB
2e2n,3.41,0.79,RB
1k2e,0.29,0.74,MM
1qy2,0.08,0.07,MM
1dxf,0.38,0.45,MM
2z7z,0.65,0.51,MM
3wpx,0.22,0.33,MM
2v4o,0.67,1.12,MM
3bof,0.49,1.28,TD
1ndl,0.15,0.43,MM
1yoy,0.44,0.37,MM
3ncp,0.97,0.84,MM
3t6n,3.35,1.95,RB
3wnu,1.68,0.93,RB
1dqn,0.3,0.53,MM
2cc9,0.96,0.93,MM
4mvm,0.37,0.39,MM
1b78,0.27,0.71,MM
1wu8,1.15,2.15,TD
4jak,1.13,1.08,MM
1mpo,0.64,0.43,MM
4l9y,0.98,1.92,TD
4hmd,0.58,0.45,MM
3f56,0.42,1.07,TD
4amu,0.56,0.51,MM
2cx9,0.5,0.49,MM
2ca1,0.67,1.03,MM
2gyz,0.92,0.89,MM
4il5,1.03,1.37,MM
4prk,0.22,0.58,MM
1ult,0.69,0.86,MM
1c3h,1.51,0.47,RB
2ix3,0.76,1.48,TD
2ahu,0.71,1.51,TD
4b9h,0.25,0.23,MM
3mkg,1.47,1.34,MM
2j4l,1.28,1.74,MM
2r0f,0.59,0.6,MM
2z9h,0.77,1.71,TD
3vv9,0.86,1.19,MM
3q1p,0.48,0.3,MM
3k8e,3.62,2.13,RB
3vkz,0.67,0.55,MM
2hk3,0.17,0.17,MM
1f6k,0.52,0.66,MM
2vm9,0.76,1.06,MM
3ojf,0.53,0.6,MM
2z9x,0.31,0.45,MM
1fj4,0.47,0.58,MM
4qsl,6.12,0.77,RB
3jr2,0.49,0.57,MM
2zvy,1.37,1.07,MM
1lc8,0.71,0.67,MM
2hnv,1.49,1.74,MM
1y37,0.45,1.02,TD
4pb5,0.26,0.37,MM
2hp0,1.49,2.03,TD
1x08,1.82,2.04,MM
2nto,0.37,0.25,MM
3om0,1.63,1.3,MM
3vgk,2.68,0.71,RB
3bl6,1.08,0.81,MM
3lxt,0.29,0.35,MM
1e2a,0.76,1.17,MM
4u0s,1.13,2.17,TD
3fpi,0.38,0.38,MM
3gtt,0.48,0.51,MM
2x3x,1.99,1.79,MM
2j8w,0.38,0.53,MM
1zis,0.71,0.33,MM
1u4m,1.3,0.84,MM
3luz,0.75,0.69,MM
3r3a,0.45,0.41,MM
3lpl,0.71,0.79,MM
1wyg,0.56,0.55,MM
1nza,0.46,0.61,MM
3a1n,0.49,0.53,MM
1ecf,2.35,1.24,RB
1lgr,0.62,0.66,MM
4fnt,0.86,0.81,MM
1jax,0.67,0.71,MM
3cn6,0.84,0.84,MM
1ps0,0.84,1.19,MM
1kbz,0.74,0.7,MM
3t8r,0.21,0.2,MM
1fx3,0.85,0.93,MM
4psg,0.88,1.18,MM
3n5i,0.47,0.79,MM
4h6u,3.79,1.12,RB
3ryd,1.14,1.35,MM
3ih0,0.69,0.46,MM
2bn2,1.47,1.46,MM
2i8u,0.09,0.31,MM
2q29,0.21,0.24,MM
2z44,1.5,1.69,MM
3i53,2.39,1.15,RB
4nd1,1.05,0.93,MM
4opo,0.68,0.69,MM
3v7f,0.65,0.95,MM
2v57,2.79,1.36,RB
1szz,0.94,1.08,MM
3lii,1.41,1.75,MM
3wig,1.96,1.93,MM
3s1v,1.45,1.82,MM
1u80,1.33,0.87,MM
1qi6,0.73,0.55,MM
3tt6,4.82,1.31,RB
1rzy,1.06,1.33,MM
4mva,1.42,1.31,MM
1xmm,3.33,1.25,RB
3p1b,0.28,0.26,MM
1sej,0.6,0.62,MM
2ch2,0.18,0.16,MM
3tjf,1.45,2.1,TD
3tq5,0.58,0.48,MM
2q0k,1,1,MM
1k0z,2.29,2.31,MM
1rya,1.04,1.8,TD
1vbi,1.55,1.28,MM
3e5y,0.93,1.1,MM
2yj0,0.98,1.36,MM
2w40,6.91,0.28,RB
1um0,0.24,1.08,TD
1ivb,0.39,0.37,MM
1aj5,2.04,1.76,MM
3wi4,1.13,0.85,MM
1usb,1.17,1.12,MM
1j6w,0.65,0.71,MM
2dgb,0.67,0.77,MM
3g3h,1.55,2.08,TD
4lal,2.24,2.48,MM
4poq,0.33,0.56,MM
1rjw,0.47,0.39,MM
4g73,1.13,1.31,MM
1c0k,0.18,0.16,MM
2v9l,1.15,1.08,MM
4nhz,1.44,0.51,RB
2z3z,0.44,0.75,MM
3wog,1.68,0.89,RB
4avv,0.63,0.5,MM
3nbq,0.72,0.71,MM
2zdr,0.39,0.31,MM
1ewj,0.59,0.65,MM
3ccw,0.86,1.37,TD
1xac,0.18,0.17,MM
4u1y,6.44,2.19,RB
4b1r,2.41,1.83,RB
3b6w,2.34,2.02,MM
1e5l,1.92,1.24,RB
3py5,0.17,0.14,MM
1ajs,1.06,1.35,MM
4bff,0.87,1.52,TD
4pmu,0.4,0.41,MM
4mwy,0.2,0.15,MM
4ha3,0.18,0.13,MM
3s23,1.16,1.07,MM
4ipw,0.37,0.28,MM
4rkr,0.57,1.83,TD
1e5x,0.82,0.83,MM
4s1m,0.97,0.92,MM
1a3w,0.91,1.05,MM
2qfx,4.11,2.27,RB
1yey,0.86,1.12,MM
2o0l,0.62,0.61,MM
4plv,0.85,1.03,MM
3m3e,1.63,1.59,MM
3g7i,0.78,0.97,MM
2wlu,0.23,0.14,MM
1arz,4.05,1.66,RB
3lx3,0.3,0.25,MM
4bep,3.03,1.08,RB
1b6w,0.7,0.61,MM
3pf3,0.96,1.23,MM
2ijz,2.18,1.89,MM
3lcm,0.2,0.47,MM
4mzp,1.44,1.48,MM
4ogd,0.73,0.38,MM
2x2f,1.55,1.36,MM
2j5z,0.33,0.49,MM
3uao,0.3,0.37,MM
4r82,0.48,1.23,TD
3t9n,0.76,0.7,MM
4aoa,0.17,0.26,MM
2oqh,0.64,0.69,MM
3gqh,1.18,1.37,MM
3vww,1.28,0.62,RB
4ae8,0.47,0.79,MM
1ogh,0.89,0.77,MM
4h3z,1.08,1.46,MM
1dlj,0.2,0.19,MM
4tno,0.61,0.6,MM
4wjy,0.4,0.36,MM
2wlt,0.51,0.4,MM
1c7n,0.35,0.38,MM
1sfj,0.65,0.86,MM
2gx5,2.58,1.07,RB
1ty8,0.67,0.61,MM
3l5m,0.15,0.14,MM
4hai,0.62,0.61,MM
4m73,2.95,1.82,RB
3nk2,1.08,0.95,MM
3t35,2.03,1.81,MM
2amu,0.5,0.45,MM
2hsd,0.52,0.57,MM
2azk,0.97,1.21,MM
4la4,0.45,0.57,MM
2oig,0.88,1.09,MM
3h0k,0.51,0.98,MM
1o8c,2.02,1.63,MM
2hza,0.8,0.71,MM
4knu,0.19,0.23,MM
2f6l,0.48,1.08,TD
3knu,0.71,1.67,TD
4fgc,0.35,0.9,TD
3n6u,0.33,0.3,MM
3teo,0.4,0.69,MM
1ygz,0.85,0.76,MM
4kry,0.82,0.75,MM
3lfv,0.57,1.34,TD
3zgy,0.4,1.33,TD
2oo0,0.9,0.89,MM
3dlo,0.8,0.93,MM
1i0s,0.41,1.12,TD
1ypf,0.78,0.86,MM
4pka,0.27,0.25,MM
2vg1,0.33,0.58,MM
2nvb,0.73,0.76,MM
1oih,0.77,0.99,MM
4a9j,2.87,0.63,RB
1rdp,1.06,1.23,MM
2b5v,0.41,0.3,MM
2hmt,0.3,0.49,MM
3vkv,3.96,1.58,RB
3ocf,1.42,1.91,MM
1iaj,1.04,2.17,TD
1uus,0.81,0.53,MM
3zz9,1.66,0.84,RB
2bz1,0.63,0.54,MM
1ye5,1.09,0.96,MM
2ig7,3.88,1.56,RB
2q55,2.06,2.18,MM
4kdp,1.48,1.75,MM
1n7g,0.86,1.03,MM
3v3q,0.75,1.33,TD
4ltn,0.31,0.29,MM
4c8i,1.12,1.66,TD
4miv,0.54,1.13,TD
2gys,1.86,2.06,MM
4bim,1.8,1.43,MM
1uzn,1.17,0.94,MM
4kge,1.08,0.58,RB
4b65,1.82,1.38,MM
2x1j,0.34,0.3,MM
1g5i,0.29,1.9,TD
2ejt,0.58,0.57,MM
4bmt,0.16,0.26,MM
1viv,0.8,0.85,MM
4ab7,5.22,2.19,RB
1i01,1.4,1.96,TD
4qol,0.25,0.25,MM
4ryl,1.07,0.96,MM
3nsb,2.21,2.21,MM
2b7q,0.46,0.58,MM
1v2f,0.99,0.85,MM
4een,0.18,0.16,MM
1k62,0.57,0.58,MM
1aw2,0.62,0.95,MM
3vqw,2.15,2.01,MM
4dl9,0.92,0.69,MM
3ngu,0.8,0.98,MM
1tz3,0.65,1.48,TD
4ntk,0.6,0.67,MM
4a3q,0.53,0.61,MM
4mkx,0.35,0.23,MM
1alv,0.88,0.89,MM
2w27,0.66,1.54,TD
2dy9,0.41,0.44,MM
4ba4,1.36,1.42,MM
3kcv,0.92,2.12,TD
2dwo,0.77,1.44,TD
4n44,0.63,0.63,MM
4adc,0.34,0.33,MM
1qq0,0.14,0.14,MM
2zof,0.23,0.41,MM
1qqw,0.42,0.41,MM
3l24,0.42,0.4,MM
4eoh,1.04,1.16,MM
3ukv,0.77,1.6,TD
4qa9,0.24,0.24,MM
4e0u,0.76,0.84,MM
4je6,0.49,0.47,MM
4f6a,0.66,0.8,MM
3pol,0.62,0.57,MM
3hea,0.23,0.27,MM
4kgm,0.73,1.39,TD
3eqp,0.81,0.9,MM
1pzg,0.82,0.76,MM
3uof,0.71,0.56,MM
1ixe,1.73,1.63,MM
2ii3,0.55,0.63,MM
3upl,0.2,0.25,MM
4j0n,0.23,0.48,MM
2bcp,0.45,0.7,MM
4uoq,0.98,0.65,MM
3kf5,0.52,0.55,MM
1qu4,0.72,1.97,TD
4iiv,0.24,0.8,TD
4ira,1.25,1.07,MM
1lk7,0.3,0.55,MM
1r2f,0.37,0.51,MM
3k8t,1.7,1.8,MM
3p9c,2.83,2.16,RB
3k3f,0.32,0.31,MM
2pkx,0.91,0.77,MM
2dsa,0.48,0.57,MM
3k87,0.33,0.59,MM
3atf,1.22,1.18,MM
1dwj,0.64,0.26,MM
4pxe,0.36,0.52,MM
4hmt,0.39,0.48,MM
3e5u,3.68,2.05,RB
2y1c,1.74,1.97,MM
4kiu,1.12,1.46,MM
1vpm,2.28,1.11,RB
2oby,1.1,0.66,MM
3u0e,0.37,0.28,MM
2z4w,1.73,2.25,TD
2cqs,0.29,0.32,MM
2f02,0.71,0.81,MM
1ytk,0.49,0.47,MM
2dsd,0.87,1.22,MM
1ux0,0.59,0.48,MM
2dm6,0.99,0.94,MM
2f2b,0.22,0.21,MM
1ekv,0.91,1.15,MM
2v28,0.24,0.68,MM
3ayt,0.23,0.44,MM
3vnf,1.7,0.65,RB
1ii5,0.26,0.25,MM
1ec9,0.34,0.38,MM
3r3y,0.81,1.49,TD
1dcn,1.68,1.69,MM
3gjz,0.63,1.37,TD
3drx,4.34,2.06,RB
4e8c,0.39,0.37,MM
4hzx,0.45,0.38,MM
2nsc,1.16,0.99,MM
3e27,2.28,1.74,RB
3dhf,1.83,1.92,MM
4ic2,0.22,1.23,TD
2x3f,3.74,1.05,RB
3ck5,0.26,0.53,MM
3c9t,0.95,0.85,MM
2jc3,1.37,1.61,MM
3adp,0.25,0.24,MM
4npo,0.73,0.87,MM
2f89,2.52,1.97,RB
3iso,0.52,0.58,MM
3sk2,0.59,0.83,MM
1ua5,0.93,0.91,MM
4atq,0.14,1.65,TD
4iin,0.49,1.68,TD
1ubx,0.95,0.87,MM
4chc,1.31,1.28,MM
4ghg,0.61,0.54,MM
4dmd,0.59,0.83,MM
2fpx,0.42,1.54,TD
1jwj,1.03,0.93,MM
2j5t,0.67,0.98,MM
4b91,0.32,0.4,MM
3uco,0.57,0.53,MM
3lp3,0.26,0.43,MM
1yi7,0.22,0.23,MM
